,document.name,document.creatingUser,document.creationDateTime,document.modifyingUser,document.modifiedDateTime,document.plainTextPath,document.richTextPath,document.guid,Annotator_1,Annotator_0,Annotator_2
0,0adN1R9gJN.txt,Annotator_0,2023-09-06T00:02:17Z,57500D78-CB6B-4955-9A3C-4A3940F6263A,2023-09-06T00:02:17Z,internal://A0F2BEDB-3B7D-4A48-82C9-4C4414C5A0F3.txt,internal://000EBA3C-C34D-4326-8D79-31F58547683A.docx,332B44AA-419A-4E04-AA18-7D3E35DDFE8D,True,True,True
1,0dVc2vyRlt.txt,Annotator_0,2023-09-06T00:02:17Z,57500D78-CB6B-4955-9A3C-4A3940F6263A,2023-09-06T00:02:17Z,internal://96277CD9-9ECD-4282-A440-1A3391E2EC36.txt,internal://F5E4BCA6-1998-469B-ADE4-A314BD5C1F6E.docx,B9FAE0CA-A4BA-4A21-BCC6-F0F976A01C29,True,True,True
2,0jVhiUnO00.txt,Annotator_0,2023-10-12T12:37:07Z,57500D78-CB6B-4955-9A3C-4A3940F6263A,2023-10-12T12:37:07Z,internal://097AC9C3-CC22-4453-8A74-E1E4C1BF502A.txt,internal://726F845F-5DE4-4AEE-B689-8EFAEC47CD28.docx,57AD2F39-1272-474F-A9FC-73866B1BA655,True,True,True
3,0ukelcEjyA.txt,N/A,N/A,N/A,N/A,internal://DAE923A8-0FF1-474D-9852-C9C8341A8968.txt,internal://99EBC0B9-C147-4587-9641-2FAF79E99DF1.docx,40F884D5-42DA-4416-B782-A5FB41BF2B91,True,True,True
4,0vaAICqxUi.txt,Annotator_0,2023-09-06T00:02:17Z,57500D78-CB6B-4955-9A3C-4A3940F6263A,2023-09-06T00:02:17Z,internal://D3897191-6056-4C21-8C52-8823BE599D38.txt,internal://D29782C5-1CC3-41B2-B650-EBB6B805C013.docx,F17CF584-08F3-42B9-A622-DD6A7A735813,True,True,True
5,1dK9nA1VpA.txt,N/A,N/A,N/A,N/A,internal://CE00141C-38B7-4317-8D8C-973CFA25B3D5.txt,internal://CDAC9603-F45E-4E5A-9921-32B236B0D9C2.docx,80D18485-ED87-4402-8143-8B72CB13FDFA,True,True,True
6,2I1pDSUuKI.txt,Annotator_0,2023-09-06T00:02:17Z,57500D78-CB6B-4955-9A3C-4A3940F6263A,2023-09-06T00:02:17Z,internal://A696C300-AF11-4B94-A23A-DF43C59D0C89.txt,internal://22D5F2B7-3505-4AF6-AA05-61CEA3C77E9F.docx,A5C3946E-A10E-4234-A4F0-10B2B53E15E4,True,True,True
7,2csTeIEEHO.txt,N/A,N/A,N/A,N/A,internal://9AE8EAA2-8CE6-4B73-B6A4-768BEFFE0283.txt,internal://40EBAFA1-8642-42A7-B76E-1054EAB40862.docx,3DE8A7CA-D76B-4054-B05E-49F4C7591004,True,True,True
8,3KxjNlvJ0z.txt,N/A,N/A,N/A,N/A,internal://F5A18E8F-6BB5-4B56-B645-3DEF227C4AFD.txt,internal://1641376B-D88A-4F4B-AF7F-09D075230CF8.docx,52C9A6DB-25C7-4410-AD26-A2D379DD65CE,True,True,True
9,3N9nlnv8vQ.txt,Annotator_0,2023-10-12T12:37:07Z,57500D78-CB6B-4955-9A3C-4A3940F6263A,2023-10-12T12:37:07Z,internal://D044A94D-5FF6-4FBE-9D66-C0F4D0FDFE90.txt,internal://8B805806-9B00-4000-B5B5-21FC136CD507.docx,1206153F-8672-47F0-9A82-95F7059AD040,True,True,True
10,3aI7QCdMmp.txt,Annotator_0,2023-10-12T12:37:07Z,57500D78-CB6B-4955-9A3C-4A3940F6263A,2023-10-12T12:37:07Z,internal://E66D3D3B-2341-4F75-AA75-37CBB744572F.txt,internal://F166D89A-5FD6-429D-B17C-53D285A5DC0B.docx,7BA8E036-8E88-4C77-A642-AC53DCC32201,True,True,True
11,451n3l6h9l.txt,Annotator_0,2023-09-06T00:02:17Z,57500D78-CB6B-4955-9A3C-4A3940F6263A,2023-09-06T00:02:17Z,internal://93191EA7-81C9-4AD5-96CF-BE01B790CF2C.txt,internal://3E00D8DF-5F95-40EF-86E8-CD59F2555F13.docx,B889885D-0073-4C1F-B748-106B7C01FD10,False,True,False
12,4RgDwDpNx3.txt,Annotator_0,2023-09-06T00:02:17Z,57500D78-CB6B-4955-9A3C-4A3940F6263A,2023-09-06T00:02:17Z,internal://55D09B97-57F8-4527-8D86-CE66EF252A1D.txt,internal://60584A37-F262-4D95-96D1-B487C64368F1.docx,92EB108E-8771-4747-BD79-4763B23CDC68,True,True,True
13,4fJHoFJuGw.txt,N/A,N/A,N/A,N/A,internal://522CFDA1-F156-4C53-8044-57EA9EA8A7E6.txt,internal://4D77A9C9-63D1-471C-B6D2-3800507AA811.docx,7C3B935E-080C-4601-984E-876439BDD714,True,True,True
14,5KkgnHmjyy.txt,Annotator_0,2023-09-06T00:02:17Z,57500D78-CB6B-4955-9A3C-4A3940F6263A,2023-09-06T00:02:17Z,internal://BB0FBEA8-3662-4B19-B18A-051AF6D9C9DB.txt,internal://306A4F4C-411D-47F1-9D18-838CC302482C.docx,F8D9823D-9387-4978-BFD0-B7A7438B4D37,True,True,True
15,5f14cjPPt8.txt,N/A,N/A,N/A,N/A,internal://FB802F6F-5840-4312-BFD4-99BC1CB1BC9C.txt,internal://2935D378-60F1-4E47-B800-D7E36A766E0A.docx,3291A16C-6EFD-4928-A215-2D7941713B21,True,True,True
16,5j2cO1KbpN.txt,Annotator_0,2023-09-06T00:02:17Z,57500D78-CB6B-4955-9A3C-4A3940F6263A,2023-09-06T00:02:17Z,internal://29BED27F-8A72-4E3E-890B-E8CBE7EE5257.txt,internal://E2940740-1EE7-472E-8965-72FF6AB84015.docx,29DA97AD-8303-4A2C-9AB9-3F65CE360100,True,True,True
17,5oGw35pB7D.txt,Annotator_0,2023-09-06T00:02:17Z,57500D78-CB6B-4955-9A3C-4A3940F6263A,2023-09-06T00:02:17Z,internal://7890FAF3-66C2-4C13-9FD9-596E0215F186.txt,internal://714E6BD3-5411-45C6-B18B-D8B768F9E2A0.docx,4F28A660-AF4B-4AB7-AFE0-EDD048C6994B,True,True,True
18,61fPqmTN8w.txt,Annotator_0,2023-10-12T12:37:07Z,57500D78-CB6B-4955-9A3C-4A3940F6263A,2023-10-12T12:37:07Z,internal://981FA038-4EF9-4694-96EA-B2BD554D4710.txt,internal://C150021C-4BBF-4CF0-816A-06DFDE270052.docx,9CF136E3-23FB-4352-A39E-F56F4E26C61E,True,True,True
19,6GhHUL3ja4.txt,Annotator_0,2023-10-12T12:37:07Z,57500D78-CB6B-4955-9A3C-4A3940F6263A,2023-10-12T12:37:07Z,internal://E0FD9CF0-CC11-48A1-8863-5B77090235B0.txt,internal://ABA7DB5F-3978-4B0F-8188-E284319BAEFF.docx,C4A483E5-88BE-45C0-A62C-56AAAD9E37E1,True,True,True
20,6Gnq0N3H5k.txt,N/A,N/A,N/A,N/A,internal://20992CEF-BD23-48B7-91C0-CDE8E9C9B8F3.txt,internal://54EE99EA-9E26-41D3-A5AC-85D22E22AF6C.docx,26653AF5-EC53-4BC7-90AC-5EE46056EBBB,True,True,True
21,6SdCx2rR9F.txt,Annotator_0,2023-09-06T00:02:17Z,57500D78-CB6B-4955-9A3C-4A3940F6263A,2023-09-06T00:02:17Z,internal://0C8A7B2C-A5A0-4BB9-966E-A595CB2AC0CC.txt,internal://9DE589FC-2B57-43C3-B56C-A35DF0A1D678.docx,6944F15A-73A5-4A78-993E-FA410312F536,True,True,True
22,6SmruBFHag.txt,Annotator_0,2023-10-12T12:37:07Z,57500D78-CB6B-4955-9A3C-4A3940F6263A,2023-10-12T12:37:07Z,internal://6D07D406-5D46-41EC-8803-80C039FBF18F.txt,internal://0CA69FC2-66CA-4EDF-BAE0-B5DAAB539FC1.docx,4C96B800-7D7C-4D34-96E8-37103577BF1F,True,True,True
23,6T6Vt0vKUq.txt,Annotator_0,2023-09-06T00:02:17Z,57500D78-CB6B-4955-9A3C-4A3940F6263A,2023-09-06T00:02:17Z,internal://EDBC3036-3D9A-43F0-A162-37484B50E04E.txt,internal://92498A69-8809-40E9-9EC9-8947C9001535.docx,A07E5403-1F53-4038-A2D7-9C5643296618,True,True,True
24,6wO85TkyPV.txt,Annotator_0,2023-10-12T12:37:07Z,57500D78-CB6B-4955-9A3C-4A3940F6263A,2023-10-12T12:37:07Z,internal://4C9C91BB-EEA3-4F39-AD93-1693BFCE3A1B.txt,internal://9369A4AC-D5D9-46D0-96ED-A589720CC5C0.docx,41516AE0-A8A7-4A31-9CBE-7D0BD6C4E5CC,True,True,True
25,7dFlizjIUl.txt,Annotator_0,2023-10-12T12:37:07Z,57500D78-CB6B-4955-9A3C-4A3940F6263A,2023-10-12T12:37:07Z,internal://49040D26-1982-45EF-A8B8-3C77F3C615A4.txt,internal://3DAFC790-D5B0-4553-B492-6A284D4544AA.docx,E2ABFB70-8D9E-472D-A0E2-33AC55E834AE,True,True,True
26,8GC1AozEzj.txt,N/A,N/A,N/A,N/A,internal://28FED10F-B19B-431D-95F7-238627203BDC.txt,internal://1C8BDBC2-F407-4351-9EE4-70E565D965CA.docx,098FD51B-95B2-48EF-8C03-3ABD233E04B1,False,True,False
27,8nDec8kInh.txt,N/A,N/A,N/A,N/A,internal://979BE83D-9B8E-492B-AE98-429D21781A3D.txt,internal://908702CC-44CE-401E-BA32-2C89EFC6E36A.docx,E4D1C5AD-1075-415E-B30E-DDC1ED3B77E3,False,True,False
28,96NG6VfuP2.txt,Annotator_0,2023-09-06T00:02:17Z,57500D78-CB6B-4955-9A3C-4A3940F6263A,2023-09-06T00:02:17Z,internal://A9A5FCB9-7A80-457E-B968-CDEB088CA398.txt,internal://B33463F3-2BAC-4258-838B-B713312C561A.docx,9B8BB463-6BBD-4719-B405-19BEA46C61B7,True,True,True
29,96QshjMJEe.txt,Annotator_0,2023-09-06T00:02:17Z,57500D78-CB6B-4955-9A3C-4A3940F6263A,2023-09-06T00:02:17Z,internal://737C6987-C50A-4520-B6D2-4DC132BE972B.txt,internal://4CA5D8CC-67F2-443E-BEC9-7EC662711588.docx,6F4E11AF-190D-4BC0-9B76-D0CDE40BD6E7,True,True,True
30,9PEjQqy5db.txt,Annotator_0,2023-10-12T12:37:07Z,57500D78-CB6B-4955-9A3C-4A3940F6263A,2023-10-12T12:37:07Z,internal://42042146-8189-444F-9398-95EE5749121A.txt,internal://548F0C50-DD74-457C-8D54-97EB90C83885.docx,3FD36D3E-6C10-4FE8-A873-7900D8720100,True,True,True
31,9SuvG95Mnb.txt,Annotator_0,2023-10-12T12:37:07Z,57500D78-CB6B-4955-9A3C-4A3940F6263A,2023-10-12T12:37:07Z,internal://1F8377CC-C719-492D-B1FC-7AC93C3D9ED2.txt,internal://58CB31BD-2E6D-48A3-A95F-B35A2DAE9CE3.docx,6823F758-19FD-4A5B-AB13-FC580718D696,True,True,True
32,9aF3PjtySr.txt,Annotator_0,2023-10-12T12:37:07Z,57500D78-CB6B-4955-9A3C-4A3940F6263A,2023-10-12T12:37:07Z,internal://13E9F7A1-464C-4EE1-B8F3-85F9708494FD.txt,internal://4B5A3108-BC4D-4C6A-873E-F1B559078171.docx,F141B0CC-AD08-4B3F-BD68-477E44A79281,True,True,True
33,9xAV0vn4CG.txt,Annotator_0,2023-09-06T00:02:17Z,57500D78-CB6B-4955-9A3C-4A3940F6263A,2023-09-06T00:02:17Z,internal://DFC8BCCE-DA14-4CA3-ACF4-7549666D47C0.txt,internal://A0286391-06BF-4441-B308-E01F98A6089E.docx,14262289-AB0D-4C8E-9F64-9A9218B3875B,True,True,True
34,C1KQHH5Fwt.txt,Annotator_0,2023-10-12T12:37:07Z,57500D78-CB6B-4955-9A3C-4A3940F6263A,2023-10-12T12:37:07Z,internal://DBA39930-5CD7-46DC-96E2-A0E2A1D1D8F7.txt,internal://A93CC0ED-4AAB-495C-996C-E565DD24D27C.docx,FCD6F68F-6B91-4337-8135-718FECD9BE9D,True,True,True
35,CGatxtFBB7.txt,Annotator_0,2023-09-06T00:02:17Z,57500D78-CB6B-4955-9A3C-4A3940F6263A,2023-09-06T00:02:17Z,internal://785CB111-ECCC-4307-8253-DFDC9464BE89.txt,internal://149D99AF-141E-458D-A83B-17E711D24227.docx,9B930F72-104D-40C4-B4F4-BE0DEE16AD97,True,True,True
36,Cc0mS3ewCT.txt,N/A,N/A,N/A,N/A,internal://8EFE57CF-772F-48FC-BF14-F659AA05E3C6.txt,internal://4807D385-D0EB-418F-B44B-26C53BF3E38D.docx,E6F107D2-E022-47B0-A246-38E3373517EC,True,True,False
37,CjFjRKVB8q.txt,Annotator_0,2023-09-06T00:02:17Z,57500D78-CB6B-4955-9A3C-4A3940F6263A,2023-09-06T00:02:17Z,internal://AB4BBBE7-8C26-44F5-9943-8B464518AA96.txt,internal://6F1F2F4B-0496-40CC-8E26-AB3C1BDC75AD.docx,4F171E10-7BB5-4BF2-9F6F-E2E6B2BFCD4B,True,True,True
38,D1a7om29AG.txt,N/A,N/A,N/A,N/A,internal://DD02B9DC-85D4-4DB0-94C7-55F0F30AF4A7.txt,internal://948E3B3B-C3F2-45FA-9D59-224209BBCE24.docx,50A920DC-0E3E-4B71-9E36-492C1469DE11,False,True,False
39,DRskphqiwF.txt,Annotator_0,2023-09-06T00:02:17Z,57500D78-CB6B-4955-9A3C-4A3940F6263A,2023-09-06T00:02:17Z,internal://0BF887AF-3C5D-4B59-9B5C-11A66875960E.txt,internal://D8A0B167-8FD4-4A2F-8E8A-B9F48DAB07C4.docx,2D85160F-A1FF-42CD-863A-ABBC1E4CE7DE,True,True,True
40,DV5GSIwytM.txt,Annotator_0,2023-10-12T12:37:07Z,57500D78-CB6B-4955-9A3C-4A3940F6263A,2023-10-12T12:37:07Z,internal://B189743A-9508-41D8-9B2C-612ADFE7ED55.txt,internal://92DE7A13-C102-410A-9B17-88F7B5DE0F0A.docx,F6C207E3-A9A1-478E-A828-CF75EECCB176,True,True,True
41,ExyaCTPzwB.txt,Annotator_0,2023-09-06T00:02:17Z,57500D78-CB6B-4955-9A3C-4A3940F6263A,2023-09-06T00:02:17Z,internal://D8939AF9-5E06-44DD-82C6-AE7E8802A16D.txt,internal://73949587-904C-4347-A4D5-9C8AAC60B529.docx,E776C1AA-6A3C-4E9D-8074-0381D7D5116D,True,True,True
42,FspyrMTF4O.txt,Annotator_0,2023-09-06T00:02:17Z,57500D78-CB6B-4955-9A3C-4A3940F6263A,2023-09-06T00:02:17Z,internal://BBD322B9-3B1A-4668-8C5B-F1F6FF448769.txt,internal://39FC5685-6329-47A6-AEA0-F744396DCE7A.docx,CF04AA02-D86C-42F4-8CFC-540F798577FA,True,True,True
43,GVkgvHvM5x.txt,Annotator_0,2023-10-12T12:37:07Z,57500D78-CB6B-4955-9A3C-4A3940F6263A,2023-10-12T12:37:07Z,internal://949ED492-1F1D-42D3-BE1B-C9FD3F7AC2DD.txt,internal://22D0B457-DB86-469E-A56B-0BD45F6C5699.docx,E39FD7A4-C63A-476A-B848-F9E505ED1333,True,True,True
44,HNzaHs0bxj.txt,Annotator_0,2023-10-12T12:37:07Z,57500D78-CB6B-4955-9A3C-4A3940F6263A,2023-10-12T12:37:07Z,internal://A51311C0-CBF9-4E1C-BFCC-D84EFD311387.txt,internal://ADC0CFB7-46EA-4207-8295-3F4613038A1C.docx,F3197BBF-6D31-49DF-A0AB-983C53A05499,True,True,True
45,HVtjgujPjm.txt,Annotator_0,2023-10-12T12:37:07Z,57500D78-CB6B-4955-9A3C-4A3940F6263A,2023-10-12T12:37:07Z,internal://8CFF2B4D-7395-4CF3-89D8-F7A6A15AAB79.txt,internal://B29908B3-10AE-4F4D-8F3C-BA5FAAE86003.docx,6F93AD3F-4980-44F6-A920-CEB61396F0F9,True,True,True
46,I9VVNFEMbn.txt,Annotator_0,2023-10-12T12:37:07Z,57500D78-CB6B-4955-9A3C-4A3940F6263A,2023-10-12T12:37:07Z,internal://CBD90BC2-0724-43A7-B49B-4C5F59D3583F.txt,internal://48263C95-583E-44E9-8B05-59BE9F5B3702.docx,A2F0EA54-49E8-4907-99CE-607FEA0314BC,True,True,True
47,IcTPznP9pK.txt,Annotator_0,2023-09-06T00:02:17Z,57500D78-CB6B-4955-9A3C-4A3940F6263A,2023-09-06T00:02:17Z,internal://8C95EF1E-EA1D-40B1-B042-3005335DE95E.txt,internal://1FA50557-FACA-4ED3-BD44-5AE32EE9C70C.docx,C73014D5-B889-44FB-BC9B-6ACA3BFCF880,True,True,True
48,KDeDif5VK2.txt,Annotator_0,2023-10-12T12:37:07Z,57500D78-CB6B-4955-9A3C-4A3940F6263A,2023-10-12T12:37:07Z,internal://40554AD3-414F-469A-B87D-634A96847D86.txt,internal://66D8E7B5-93E9-4EC4-BDC7-272505D35F0B.docx,27FDB197-CB05-4CAD-B53C-2A49636208FA,True,True,True
49,KdpIdnyC1e.txt,Annotator_0,2023-10-12T12:37:07Z,57500D78-CB6B-4955-9A3C-4A3940F6263A,2023-10-12T12:37:07Z,internal://B343F249-124D-48BF-9F7B-ADB7FEE7B2B1.txt,internal://486422D6-491F-4C10-9EA4-64ED6605F721.docx,2002EFD9-57CC-478B-B717-B7150A9A5426,True,True,True
50,KrgaUnySs9.txt,Annotator_0,2023-09-06T00:02:17Z,57500D78-CB6B-4955-9A3C-4A3940F6263A,2023-09-06T00:02:17Z,internal://EF5255E0-2729-4033-8020-FAE427841F0F.txt,internal://9C3E6F79-AF7D-4815-A650-B2EA7D5E7D27.docx,4B5D0235-1F5C-4AE7-B2EC-A6BF3A222F73,True,True,True
51,LQtcp09Poj.txt,Annotator_0,2023-09-06T00:02:17Z,57500D78-CB6B-4955-9A3C-4A3940F6263A,2023-09-06T00:02:17Z,internal://0017C929-4C0E-413D-8786-F267CEA43421.txt,internal://3E2CD2E1-F3EA-49A6-910E-0354A0660989.docx,6C1A5433-2BBC-43E5-85D8-808D98DDD7DF,True,True,True
52,MHQbpUGMPt.txt,Annotator_0,2023-10-12T12:37:07Z,57500D78-CB6B-4955-9A3C-4A3940F6263A,2023-10-12T12:37:07Z,internal://3AF8012D-3E2D-4608-9532-F3695B7A6571.txt,internal://81B65BAE-BC27-4751-B05A-322AF7271292.docx,6977191D-B2F2-4059-8D1F-0B6A05CDE7E7,True,True,True
53,NS0NgeyjzM.txt,Annotator_0,2023-10-12T12:37:07Z,57500D78-CB6B-4955-9A3C-4A3940F6263A,2023-10-12T12:37:07Z,internal://A2F14838-6715-47B0-9C50-8EC1BBC30807.txt,internal://06EE5B94-7483-45BF-ADDA-0F73655A8AD0.docx,57CA3945-9C68-4BC3-B61A-29A68DA079D0,True,True,True
54,OwGP2V9HqO.txt,Annotator_0,2023-09-06T00:02:17Z,57500D78-CB6B-4955-9A3C-4A3940F6263A,2023-09-06T00:02:17Z,internal://7757BEA1-4C79-4420-8FD9-C48403B51738.txt,internal://8AE54091-E3E4-49A6-B477-380F27BE511F.docx,EF933865-8574-43B2-B2BF-9004A5DF914A,True,True,True
55,P0bldfytH1.txt,Annotator_0,2023-09-06T00:02:17Z,57500D78-CB6B-4955-9A3C-4A3940F6263A,2023-09-06T00:02:17Z,internal://C529B210-1630-420B-8B12-1A8DB930F5D2.txt,internal://774A1F35-D736-490E-A838-C76C6EEC9085.docx,8C784349-1148-4208-9F4C-F9266264ED62,True,True,True
56,PttugHGtsT.txt,Annotator_0,2023-10-12T12:37:07Z,57500D78-CB6B-4955-9A3C-4A3940F6263A,2023-10-12T12:37:07Z,internal://A459D232-8298-4F86-AF10-CAE58DE6671C.txt,internal://D4F35835-1974-4F94-A308-93FA6E5DBE3E.docx,E673F08F-10FC-433C-88B5-AFAE9CC14CC6,False,True,True
57,Py0LDeq9Fn.txt,Annotator_0,2023-10-12T12:37:07Z,57500D78-CB6B-4955-9A3C-4A3940F6263A,2023-10-12T12:37:07Z,internal://4E9416F7-82FE-4661-AD11-2351C5DCE689.txt,internal://C3F45F4A-C3A2-4AFD-8945-D2E4BBCF9EF9.docx,BA43CC6F-565D-4D50-BAB5-DF29CC4C1996,False,True,True
58,QBqEkkfh0N.txt,Annotator_0,2023-10-12T12:37:07Z,57500D78-CB6B-4955-9A3C-4A3940F6263A,2023-10-12T12:37:07Z,internal://066ECA86-490F-412D-B73C-F5A62ADCA08C.txt,internal://0FF1D35B-ED11-4654-974F-960E1EC12D6F.docx,FD6DF50C-3DF1-405E-AA6C-A94A6C0533EF,False,True,True
59,QqCKExBKmp.txt,Annotator_0,2023-09-06T00:02:17Z,57500D78-CB6B-4955-9A3C-4A3940F6263A,2023-09-06T00:02:17Z,internal://320F367B-B2CC-4BBA-9F6D-86C9D5324FAA.txt,internal://E5D4F9DF-9334-4F4B-8344-1598BE72C893.docx,83ED0126-7F98-4539-84EF-84C1ECD04286,True,True,True
60,Qvina6Aln9.txt,Annotator_0,2023-10-12T12:37:07Z,57500D78-CB6B-4955-9A3C-4A3940F6263A,2023-10-12T12:37:07Z,internal://399058A8-0A4D-457C-9D7B-7F2CC6F0E631.txt,internal://6F3B0AAF-35B3-46DF-B107-45F34960857D.docx,B11CBB4C-D72A-4734-B2D5-48871E25428F,False,True,True
61,R7ghrADaMf.txt,Annotator_0,2023-10-12T12:37:07Z,57500D78-CB6B-4955-9A3C-4A3940F6263A,2023-10-12T12:37:07Z,internal://E09800E0-6A9A-4664-8C9F-47F00558D001.txt,internal://987457EA-0A65-42BC-9DB4-AEB1654E3E15.docx,D563B569-51E5-4443-AA74-9AAFC78B856E,False,True,True
62,Rsmx9wV262.txt,Annotator_0,2023-09-06T00:02:17Z,57500D78-CB6B-4955-9A3C-4A3940F6263A,2023-09-06T00:02:17Z,internal://031B9600-CE67-4627-9777-2F7C11745C83.txt,internal://A7204972-1FA5-4860-8E08-A58F4F174095.docx,C050E7FA-FA25-4495-AFF0-2961F77C2F97,True,True,True
63,SfUOswpMVT.txt,Annotator_0,2023-10-12T12:37:07Z,57500D78-CB6B-4955-9A3C-4A3940F6263A,2023-10-12T12:37:07Z,internal://AE010191-8C14-4788-8465-F28632FF6E25.txt,internal://5A409A25-5E00-44E5-8C4D-E81FBBCEA2E8.docx,13C37FDB-0BC0-405F-A271-BEBFB52C9F49,False,True,True
64,SnHdzR6C2E.txt,Annotator_0,2023-10-12T12:37:07Z,57500D78-CB6B-4955-9A3C-4A3940F6263A,2023-10-12T12:37:07Z,internal://B80646BD-AD77-42C7-94D2-E1406D7F9407.txt,internal://B1E3A417-AE40-45CE-BC75-83BC167512DF.docx,39E0CA3C-DAD5-4B20-9138-1BC56B66AF0B,False,True,True
65,Tw8SjgKHkE.txt,Annotator_0,2023-10-12T12:37:07Z,57500D78-CB6B-4955-9A3C-4A3940F6263A,2023-10-12T12:37:07Z,internal://0742E1EA-99A2-4627-B741-3A3D2251986A.txt,internal://09C708A2-609B-4C97-9400-DE688A35C95D.docx,DF66A3F6-3991-4AF0-8800-9BCFAB58C131,False,True,True
66,UaMcw4PLym.txt,Annotator_0,2023-10-12T12:37:07Z,57500D78-CB6B-4955-9A3C-4A3940F6263A,2023-10-12T12:37:07Z,internal://7746A4E3-5E50-4290-B9D8-175A5CB5D42D.txt,internal://1A989F84-6607-40AA-B875-B9255C8D5C9D.docx,7F122494-9569-4D9F-BE17-B7FAD41FF0DE,True,True,True
67,VUhFKwTpRT.txt,Annotator_0,2023-09-06T00:02:17Z,57500D78-CB6B-4955-9A3C-4A3940F6263A,2023-09-06T00:02:17Z,internal://1EDD6AD0-1390-41D3-BF52-4DA7FCBA4084.txt,internal://9B3202E2-28D9-43AC-89A9-A694BACCFA23.docx,393A8459-6C70-4647-B8AD-2AE1075AC26B,True,True,True
68,aQ1EhH8Ckb.txt,N/A,N/A,N/A,N/A,internal://C6038D50-DA2A-4DC0-B977-7050A6128CA2.txt,internal://880F5DEE-7073-485F-A576-D903B5D9B478.docx,9198FD01-034F-467F-9ED7-6A8891F5C238,False,True,False
69,an4Ezv2tyQ.txt,N/A,N/A,N/A,N/A,internal://56FAEB8C-C129-4698-89B1-1C0852A642DB.txt,internal://BC8D18CE-66BA-4A2E-8DDA-CE0E7AEF6ABF.docx,7F9D0F5F-74CF-4BA3-AB54-7A2639486068,False,True,False
70,bUsO4vo2zB.txt,N/A,N/A,N/A,N/A,internal://DD3E6463-FFBE-40FE-ACA5-BB2BA3126EF0.txt,internal://16B47B03-5AE0-4BA0-91FC-A59B45905D48.docx,E94E0A79-121D-440C-B342-75CA03BBD98E,True,True,False
71,bbtqlQeMsN.txt,N/A,N/A,N/A,N/A,internal://FE4290C6-695C-46D0-92E4-E53D82FE4688.txt,internal://703480EB-E59B-4BD2-B0CE-D7980AAD413F.docx,610623F0-1EC2-4D58-8BF7-D2361378172C,False,True,False
72,bvlCGvOCnt.txt,Annotator_0,2023-09-06T00:02:17Z,57500D78-CB6B-4955-9A3C-4A3940F6263A,2023-09-06T00:02:17Z,internal://50DB56FF-6DF5-47A7-91D5-35425FCAF9EE.txt,internal://71E8D661-E7AB-4643-B061-66F45B0BB85F.docx,BB780D5C-B3A9-454C-885F-CBC2CCB1E1E2,True,True,True
73,d7wrtvcj1g.txt,N/A,N/A,N/A,N/A,internal://79FC4B97-443A-4995-B1D9-476A0D814DF5.txt,internal://4B7CBC46-4534-4FF7-9EE9-7302EEEFEE42.docx,5826A320-B271-41CF-9AB5-E76DCC1CB234,False,True,False
74,dGw500Ha7A.txt,N/A,N/A,N/A,N/A,internal://A4C0F413-9EBF-449D-A3B6-297E59E329CD.txt,internal://C462FA9E-91FB-4537-A944-3661265C8453.docx,7BE61021-E0A9-4193-A6C4-93F24856A833,True,True,True
75,dhpHe3uvIu.txt,N/A,N/A,N/A,N/A,internal://9EE6FDAF-1F87-49C3-B858-FB047CEF0EB4.txt,internal://B836A4AF-36BB-4E42-AF82-5E873177821D.docx,D306A9EE-0F39-4EA2-9DEA-C18BF9098986,False,True,False
76,eBS0fslIHL.txt,Annotator_0,2023-10-12T12:37:07Z,57500D78-CB6B-4955-9A3C-4A3940F6263A,2023-10-12T12:37:07Z,internal://37E99C15-6178-47D5-96CB-47807A721168.txt,internal://5ECB9C95-DD32-450C-B554-DCB83CAFE6EA.docx,E25BF5AD-A36E-4922-A4FE-851B83FAA27B,True,True,True
77,eDhoLUjtdd.txt,Annotator_0,2023-09-06T00:02:17Z,57500D78-CB6B-4955-9A3C-4A3940F6263A,2023-09-06T00:02:17Z,internal://1975EA81-71FA-4CDD-A332-0AA60BF89ECC.txt,internal://71BF8030-2C0C-45D4-BEF0-BBBC6F5534DB.docx,3C038E07-3004-40B2-92B5-D3BCF936C742,True,True,True
78,eKKIb45OQb.txt,Annotator_0,2023-09-06T00:02:17Z,57500D78-CB6B-4955-9A3C-4A3940F6263A,2023-09-06T00:02:17Z,internal://F4682CC6-6B06-4DEA-82BE-4241236E240A.txt,internal://A6427C97-E0DD-426A-9ED4-F5F9459065E9.docx,5CA96B2F-63D5-484B-8CE5-89DEF6037FDD,True,True,True
79,eqPEtn9Qae.txt,Annotator_0,2023-09-06T00:02:17Z,57500D78-CB6B-4955-9A3C-4A3940F6263A,2023-09-06T00:02:17Z,internal://B126D609-C275-4CC0-935B-1C89AB24F156.txt,internal://8DA1F968-64EB-44AD-BA08-F8E3FA45883D.docx,CDFDEB13-C98D-4725-B0A4-C8CDAE997E48,True,True,True
80,ghNL5F4Bna.txt,Annotator_0,2023-09-06T00:02:17Z,57500D78-CB6B-4955-9A3C-4A3940F6263A,2023-09-06T00:02:17Z,internal://F1083AAF-53E2-4052-92D3-28EB272640F5.txt,internal://BB8C1C58-1E68-4D8B-AE4B-78A7015452D3.docx,3D252C04-9142-4778-8FB8-771A3421FDC7,True,True,True
81,gmad0dh86z.txt,Annotator_0,2023-10-12T12:37:07Z,57500D78-CB6B-4955-9A3C-4A3940F6263A,2023-10-12T12:37:07Z,internal://32833245-22D2-447B-A53C-677230446D5F.txt,internal://CE6206D6-12AC-4BBE-8073-E4C0683DA1A6.docx,5845AC5F-2252-4A95-905E-2B73F7364A49,True,True,True
82,hOl1wgs6dP.txt,Annotator_0,2023-09-06T00:02:17Z,57500D78-CB6B-4955-9A3C-4A3940F6263A,2023-09-06T00:02:17Z,internal://3ACD68DD-5670-402A-B552-4656D343A57C.txt,internal://ADD0690F-52EE-4465-987D-41CF6BDD687A.docx,BACD10A7-59E9-428B-A8EE-225997511D71,True,True,True
83,hzakn6ot9M.txt,Annotator_0,2023-10-12T12:37:07Z,57500D78-CB6B-4955-9A3C-4A3940F6263A,2023-10-12T12:37:07Z,internal://24BDD23E-0748-477E-8582-3119DCCFB2C9.txt,internal://D147DEA0-52C1-4EE0-8281-072ED828B378.docx,D12A1DA9-2AD8-47C0-965B-51FA0FED0A9C,True,True,True
84,idguEatSf4.txt,Annotator_0,2023-09-06T00:02:17Z,57500D78-CB6B-4955-9A3C-4A3940F6263A,2023-09-06T00:02:17Z,internal://15763E19-C730-4092-B4CC-105828B615B0.txt,internal://6BFC119D-47AF-4E36-A9FB-95F67E78F7FD.docx,56F7D99A-3607-4F25-938E-EF767159F9AC,True,True,True
85,ifiSVMunum.txt,Annotator_0,2023-10-12T12:37:07Z,57500D78-CB6B-4955-9A3C-4A3940F6263A,2023-10-12T12:37:07Z,internal://06C004BA-65E5-4215-862C-73F32DD50961.txt,internal://6720C6EE-1C94-4EC0-BFB7-478ADAB20B43.docx,1F50D632-D2AE-47D6-80E1-30E90DA0BAC2,True,True,True
86,jLnKNAbfw1.txt,Annotator_0,2023-10-12T12:37:07Z,57500D78-CB6B-4955-9A3C-4A3940F6263A,2023-10-12T12:37:07Z,internal://3D02A96E-72A2-48EF-84F2-D85D7DEABE67.txt,internal://7E8AB5D6-3201-4964-9B12-FF9C396AEB83.docx,8B137104-BEBC-44FD-ACFB-5A59191CB42F,True,True,True
87,jgycQAyRef.txt,Annotator_0,2023-10-12T12:37:07Z,57500D78-CB6B-4955-9A3C-4A3940F6263A,2023-10-12T12:37:07Z,internal://3BA14009-FFBD-4751-95AA-6CB5AC00E80B.txt,internal://915130E4-EF1C-4EB4-AF71-CF20D9D4DE8C.docx,83841FF2-2687-4B10-AC91-B7EC758B5BBE,True,True,True
88,l6L1Q9LPE6.txt,Annotator_0,2023-09-06T00:02:17Z,57500D78-CB6B-4955-9A3C-4A3940F6263A,2023-09-06T00:02:17Z,internal://EED0CAC5-794A-44B8-90E5-71778AD43D1A.txt,internal://2FD7CB54-1123-4CF9-A268-670B96738FAB.docx,C38255AD-22F1-408A-9FA7-1E1B231D2473,True,True,True
89,l79lh5FKHH.txt,Annotator_0,2023-09-06T00:02:17Z,57500D78-CB6B-4955-9A3C-4A3940F6263A,2023-09-06T00:02:17Z,internal://0D29A1B0-0268-4EE8-AFFF-E66C260865B4.txt,internal://DD238508-4ED1-4148-AB67-478378461E58.docx,DC13EC19-B13F-4F5F-9566-2183A8B7647E,True,True,True
90,mEEt27El2H.txt,Annotator_0,2023-09-06T00:02:17Z,57500D78-CB6B-4955-9A3C-4A3940F6263A,2023-09-06T00:02:17Z,internal://8B589762-C84E-4143-8620-7A8160D722DD.txt,internal://24EE7E68-AA9F-4268-A9EF-74695DCC52FA.docx,DBA46B71-8A8F-4DE4-A0B1-FE24B7D83476,True,True,True
91,mLsc5Qhd2T.txt,Annotator_0,2023-09-06T00:02:17Z,57500D78-CB6B-4955-9A3C-4A3940F6263A,2023-09-06T00:02:17Z,internal://EA4D6179-5D62-45EC-9216-E6EE46840D40.txt,internal://9012254D-63F2-4EAB-B677-F7E5350844AA.docx,A7253B71-1FC3-40A0-A157-EFDD0D5C83BE,True,True,True
92,nFzesfr8LM.txt,Annotator_0,2023-09-06T00:02:17Z,57500D78-CB6B-4955-9A3C-4A3940F6263A,2023-09-06T00:02:17Z,internal://872CF7F0-39DD-49F7-9371-773C4284E729.txt,internal://5743B07A-CEEC-44BF-8162-EDE74F0E776D.docx,BCE33E9A-850A-477E-BC87-BC254538C248,True,True,True
93,nvPpBOafGk.txt,Annotator_0,2023-10-12T12:37:07Z,57500D78-CB6B-4955-9A3C-4A3940F6263A,2023-10-12T12:37:07Z,internal://E574A22E-5040-47E0-BF5F-06FC96068409.txt,internal://EE8B4DA2-2EC4-4957-BCCC-0F5FD83B4881.docx,D43B71C4-AE72-41C1-8AD2-64D076850487,True,True,True
94,o6Ic9dp5O5.txt,Annotator_0,2023-10-12T12:37:07Z,57500D78-CB6B-4955-9A3C-4A3940F6263A,2023-10-12T12:37:07Z,internal://D8D8642A-299A-442E-B356-0988F6CC40E5.txt,internal://DC253FE5-9D0E-4546-B6E1-209628A11532.docx,E8EA35BB-BFD5-42A9-B9A8-075226159BA1,True,True,True
95,o9yFUUEhys.txt,Annotator_0,2023-10-12T12:37:07Z,57500D78-CB6B-4955-9A3C-4A3940F6263A,2023-10-12T12:37:07Z,internal://F2553DC5-5478-4F13-9117-C0068FD7C26D.txt,internal://81C39F62-DABE-458B-9C6D-E3022D813F77.docx,B38AB1D9-A62C-4201-9D92-4C8E637BC3E0,True,True,True
96,oE2jfe4wIr.txt,Annotator_0,2023-10-12T12:37:07Z,57500D78-CB6B-4955-9A3C-4A3940F6263A,2023-10-12T12:37:07Z,internal://32FC9605-6252-4E98-AFFC-045603D60717.txt,internal://F218BD55-0A00-42B4-A484-D6C23A0A93AA.docx,A13550B9-F492-47F4-BCAF-1076F6C02DA1,True,True,True
97,odmTAdIGmb.txt,Annotator_0,2023-09-06T00:02:17Z,57500D78-CB6B-4955-9A3C-4A3940F6263A,2023-09-06T00:02:17Z,internal://EF806769-7B84-43BC-A2A0-724C81AEF335.txt,internal://CDEB022C-E953-4D10-AE11-3F11C4F18359.docx,1B3DEDC2-64D9-4EB0-B145-93DCFAA58945,True,True,True
98,pIJxekdKUU.txt,Annotator_0,2023-10-12T12:37:07Z,57500D78-CB6B-4955-9A3C-4A3940F6263A,2023-10-12T12:37:07Z,internal://79936C7A-E716-44A2-8EAD-7A163F82A2B0.txt,internal://9F7681E3-DF2E-40D3-B435-20F428202577.docx,467AB414-3182-4B94-9454-E79BE3D18E8C,True,True,True
99,ps3U3c46CV.txt,Annotator_0,2023-09-06T00:02:17Z,57500D78-CB6B-4955-9A3C-4A3940F6263A,2023-09-06T00:02:17Z,internal://AD814FE2-8713-40F5-917F-2519B8DF1CC8.txt,internal://4C65B40E-47B9-4BAC-920F-10D64443BB10.docx,059698B3-3B64-4F7C-BBE5-67391B19429D,True,True,True
100,qDgBDpoQ7x.txt,Annotator_0,2023-10-12T12:37:07Z,57500D78-CB6B-4955-9A3C-4A3940F6263A,2023-10-12T12:37:07Z,internal://54ECF3BE-BF02-4CD0-A211-1B8989FFA514.txt,internal://F5F4EBED-29ED-410C-AE5E-8136C8A3EDCB.docx,A9B0C578-729D-4F0C-AB4F-17687CC15F91,False,True,True
101,t8RBsvLrqA.txt,Annotator_0,2023-09-06T00:02:17Z,57500D78-CB6B-4955-9A3C-4A3940F6263A,2023-09-06T00:02:17Z,internal://A748411F-F343-416A-9E80-8B3D664F9E66.txt,internal://196449B5-2C7A-4E82-9DBA-DBF4407BF8C6.docx,352A2568-8654-474C-849F-55FC26EF2C54,True,True,True
102,tuhRw4C4Po.txt,Annotator_0,2023-10-12T12:37:07Z,57500D78-CB6B-4955-9A3C-4A3940F6263A,2023-10-12T12:37:07Z,internal://227063EC-4548-4F99-B05E-BD318B593975.txt,internal://DE80CBB2-34F4-4D98-B95D-B2365A0671EA.docx,7FF9B490-66D6-42A7-A6B6-6B6384A45E6D,False,True,True
103,wffOOxAT2N.txt,Annotator_0,2023-10-12T12:37:07Z,57500D78-CB6B-4955-9A3C-4A3940F6263A,2023-10-12T12:37:07Z,internal://ECC62322-0BAB-48EA-9C46-12EF6ED92B59.txt,internal://427BA9AD-9AFD-4043-A303-96C1652581D1.docx,3AFBBE42-5EFA-4613-A629-A4977FD78E9B,False,True,True
104,xD5ImRiNni.txt,Annotator_0,2023-09-06T00:02:17Z,57500D78-CB6B-4955-9A3C-4A3940F6263A,2023-09-06T00:02:17Z,internal://0162DE98-54CD-4944-8581-65928F53730B.txt,internal://969032B1-3B0D-4F2A-BCC5-577E797A0FB5.docx,2C87E586-B15E-430A-A07F-541AEBF0F837,True,True,True
105,xpjEbgF59H.txt,Annotator_0,2023-09-06T00:02:17Z,57500D78-CB6B-4955-9A3C-4A3940F6263A,2023-09-06T00:02:17Z,internal://2F311DB8-7A54-4573-B2D5-6F3BF6BEB8B5.txt,internal://5875F170-8413-468A-B9BB-0A6E7DF69AD9.docx,E93C4538-800B-4934-842A-03CB82849132,True,True,True
106,yJnek12lvC.txt,Annotator_0,2023-09-06T00:02:17Z,57500D78-CB6B-4955-9A3C-4A3940F6263A,2023-09-06T00:02:17Z,internal://EC00A7AE-2FE9-4C86-937E-18A972055B27.txt,internal://077D3A5F-594F-4B7F-9549-857FFA6F894F.docx,E1E4B097-A23D-4487-9EFD-97AAA3D3BB2D,True,True,True
107,yaIRqVmIv3.txt,Annotator_0,2023-09-06T00:02:17Z,57500D78-CB6B-4955-9A3C-4A3940F6263A,2023-09-06T00:02:17Z,internal://C98A6DE2-35BE-4DEB-88BA-F3624BFEB7B2.txt,internal://0DD696B5-7D0F-4429-A347-D774893E790E.docx,7DEA65FB-9222-41BF-A469-0700F00A3189,True,True,True
