document,conversation_number,annotator,request,outcome,nominal_request,nominal_outcome,conversation_length,"('Attitude, tone, or mood > expressNegativity > beingLost', 'Helper')","('Attitude, tone, or mood > expressNegativity > beingLost', 'Learner')","('Attitude, tone, or mood > expressNegativity > frustration', 'Helper')","('Attitude, tone, or mood > expressNegativity > frustration', 'Learner')","('Attitude, tone, or mood > expressNegativity > selfTalk', 'Helper')","('Attitude, tone, or mood > expressNegativity > selfTalk', 'Learner')","('Attitude, tone, or mood > expressPositivity > apology', 'Helper')","('Attitude, tone, or mood > expressPositivity > apology', 'Learner')","('Attitude, tone, or mood > expressPositivity > beingWrong', 'Helper')","('Attitude, tone, or mood > expressPositivity > beingWrong', 'Learner')","('Attitude, tone, or mood > expressPositivity > expressSatisfactionOrGratitude', 'Helper')","('Attitude, tone, or mood > expressPositivity > expressSatisfactionOrGratitude', 'Learner')","('Attitude, tone, or mood > expressPositivity > expressSupportingWords', 'Helper')","('Attitude, tone, or mood > expressPositivity > expressSupportingWords', 'Learner')","('Attitude, tone, or mood > expressPositivity > greeting', 'Helper')","('Attitude, tone, or mood > expressPositivity > greeting', 'Learner')","('Attitude, tone, or mood > expressTeachingPhilosophy', 'Helper')","('Attitude, tone, or mood > expressTeachingPhilosophy', 'Learner')","('Big picture of an interaction > request > bugFix', 'Helper')","('Big picture of an interaction > request > bugFix', 'Learner')","('Big picture of an interaction > request > codeComprehension', 'Helper')","('Big picture of an interaction > request > codeComprehension', 'Learner')","('Big picture of an interaction > request > codeImprove', 'Helper')","('Big picture of an interaction > request > codeImprove', 'Learner')","('Big picture of an interaction > request > codeWrite', 'Helper')","('Big picture of an interaction > request > codeWrite', 'Learner')","('Big picture of an interaction > resolveRequest', 'Helper')","('Big picture of an interaction > resolveRequest', 'Learner')","('Explanations and help > communicationMechanism > explain', 'Helper')","('Explanations and help > communicationMechanism > explain', 'Learner')","('Explanations and help > communicationMechanism > guideInteractively', 'Helper')","('Explanations and help > communicationMechanism > guideInteractively', 'Learner')","('Explanations and help > communicationMechanism > implement', 'Helper')","('Explanations and help > communicationMechanism > implement', 'Learner')","('Explanations and help > communicationMechanism > negativeConfirmation', 'Helper')","('Explanations and help > communicationMechanism > negativeConfirmation', 'Learner')","('Explanations and help > communicationMechanism > positiveConfirmation', 'Helper')","('Explanations and help > communicationMechanism > positiveConfirmation', 'Learner')","('Explanations and help > communicationMechanism > state', 'Helper')","('Explanations and help > communicationMechanism > state', 'Learner')","('Explanations and help > communicationMechanism > suggest', 'Helper')","('Explanations and help > communicationMechanism > suggest', 'Learner')","('Explanations and help > communicationMechanism > teachWithExtensions', 'Helper')","('Explanations and help > communicationMechanism > teachWithExtensions', 'Learner')","('Explanations and help > confidenceLevel > phrasedAsCertain', 'Helper')","('Explanations and help > confidenceLevel > phrasedAsCertain', 'Learner')","('Explanations and help > confidenceLevel > phrasedAsUnsure', 'Helper')","('Explanations and help > confidenceLevel > phrasedAsUnsure', 'Learner')","('General message attributes > contentDomain > bug', 'Helper')","('General message attributes > contentDomain > bug', 'Learner')","('General message attributes > contentDomain > codeOpinion', 'Helper')","('General message attributes > contentDomain > codeOpinion', 'Learner')","('General message attributes > contentDomain > codeSpecifications', 'Helper')","('General message attributes > contentDomain > codeSpecifications', 'Learner')","('General message attributes > contentDomain > codingConcept', 'Helper')","('General message attributes > contentDomain > codingConcept', 'Learner')","('General message attributes > contentDomain > codingExperience', 'Helper')","('General message attributes > contentDomain > codingExperience', 'Learner')","('General message attributes > contentDomain > developmentStrategy', 'Helper')","('General message attributes > contentDomain > developmentStrategy', 'Learner')","('General message attributes > contentDomain > errorLocation', 'Helper')","('General message attributes > contentDomain > errorLocation', 'Learner')","('General message attributes > contentDomain > errorMsg', 'Helper')","('General message attributes > contentDomain > errorMsg', 'Learner')","('General message attributes > contentDomain > learningResources', 'Helper')","('General message attributes > contentDomain > learningResources', 'Learner')","('General message attributes > contentDomain > originalCode', 'Helper')","('General message attributes > contentDomain > originalCode', 'Learner')","('General message attributes > contentDomain > personalInfo', 'Helper')","('General message attributes > contentDomain > personalInfo', 'Learner')","('General message attributes > contentDomain > platformRelated', 'Helper')","('General message attributes > contentDomain > platformRelated', 'Learner')","('General message attributes > contentDomain > proposedNewCode', 'Helper')","('General message attributes > contentDomain > proposedNewCode', 'Learner')","('General message attributes > contentDomain > testCases', 'Helper')","('General message attributes > contentDomain > testCases', 'Learner')","('Questions > question > checkForFollowing', 'Helper')","('Questions > question > checkForFollowing', 'Learner')","('Questions > question > checkIfCorrect', 'Helper')","('Questions > question > checkIfCorrect', 'Learner')","('Questions > question > content', 'Helper')","('Questions > question > content', 'Learner')","('Questions > question > guiding', 'Helper')","('Questions > question > guiding', 'Learner')","('Questions > question > personal', 'Helper')","('Questions > question > personal', 'Learner')","('Questions > specificity > detailed', 'Helper')","('Questions > specificity > detailed', 'Learner')","('Questions > specificity > vague', 'Helper')","('Questions > specificity > vague', 'Learner')"
0adN1R9gJN.txt,0,Annotator_1,bugFix,F,bugFix,F,266,0,0,1,1,0,0,0,0,0,0,0,0,1,0,0,0,1,0,0,1,0,0,0,0,0,0,0,1,10,0,1,0,3,0,1,1,3,5,18,16,2,0,1,0,32,12,3,3,12,7,0,0,4,5,1,0,2,3,4,2,1,0,3,0,2,0,1,0,1,1,1,2,18,14,1,1,2,1,1,7,3,4,4,0,2,0,16,8,11,4
0adN1R9gJN.txt,0,Annotator_0,bugFix,F,bugFix,F,275,0,0,1,1,0,0,0,0,0,0,0,0,1,0,0,0,1,0,0,1,0,0,0,0,0,0,0,1,10,0,3,0,1,0,1,1,4,5,16,16,1,0,1,0,31,19,3,2,12,9,0,0,4,5,1,0,2,2,4,2,1,0,3,0,2,0,1,0,1,1,1,2,16,13,1,1,1,1,2,7,4,5,3,0,2,0,18,8,10,10
0adN1R9gJN.txt,0,Annotator_2,bugFix,F,bugFix,F,274,0,0,1,1,0,0,0,0,0,0,0,0,1,0,0,0,1,0,0,1,0,0,0,0,0,0,0,1,9,0,3,0,3,0,1,1,4,6,17,15,1,0,1,0,36,19,3,3,11,9,1,0,4,4,1,0,2,2,4,2,1,0,2,0,2,0,1,0,1,1,1,2,19,12,1,2,1,0,1,7,4,5,3,0,3,0,12,7,13,5
0dVc2vyRlt.txt,0,Annotator_1,bugFix,F,bugFix,F,163,2,1,1,0,0,0,0,0,0,0,0,0,0,0,0,0,0,0,0,1,0,0,0,0,0,0,1,0,3,4,0,0,1,0,1,1,1,1,23,7,2,0,0,0,23,10,6,0,9,0,0,0,13,5,4,1,0,0,0,0,0,0,0,0,0,0,1,3,0,0,0,0,10,5,0,0,0,0,3,0,2,2,1,0,0,0,8,4,2,1
0dVc2vyRlt.txt,0,Annotator_0,bugFix,F,bugFix,F,175,3,0,1,0,0,0,0,0,0,0,0,0,0,0,0,0,0,0,0,1,0,0,0,0,0,0,1,0,5,2,1,0,0,0,2,1,2,2,18,10,2,0,0,0,28,14,2,1,9,0,0,0,10,5,0,0,2,1,1,0,1,0,1,0,0,0,2,1,0,1,3,1,4,5,4,2,0,0,3,1,2,1,2,0,0,0,9,4,3,1
0dVc2vyRlt.txt,0,Annotator_2,bugFix,F,bugFix,F,231,1,1,0,0,0,0,0,0,0,0,0,0,0,0,0,0,0,0,0,1,0,0,0,0,0,0,1,0,6,4,1,0,3,0,2,1,2,2,21,10,6,1,0,0,38,16,3,2,9,1,1,0,15,5,1,0,1,2,4,0,2,0,0,0,0,0,3,2,1,1,5,2,6,4,3,2,0,0,3,0,6,1,0,0,1,0,21,2,2,3
0jVhiUnO00.txt,0,Annotator_1,codeWrite,F,codeWrite,F,65,0,1,0,0,0,0,0,0,0,0,0,0,0,0,1,1,0,0,0,0,0,0,0,0,0,1,0,1,0,0,1,0,0,1,0,2,0,3,3,4,0,1,0,0,0,6,4,3,0,0,0,0,0,0,0,0,0,0,0,0,0,0,0,0,0,0,1,1,0,0,0,0,7,11,0,0,0,0,2,0,0,1,2,0,0,0,3,1,2,1
0jVhiUnO00.txt,0,Annotator_0,codeWrite,F,codeWrite,F,77,0,1,0,0,0,0,0,0,0,0,0,0,0,0,1,1,0,0,0,0,0,0,0,0,0,1,0,1,0,4,0,0,0,0,0,2,0,3,2,3,1,1,0,0,2,13,1,0,0,1,0,0,2,6,0,0,0,0,0,1,0,0,0,0,0,0,0,0,0,0,0,0,6,6,0,0,1,0,3,0,1,1,0,0,0,0,3,4,3,2
0jVhiUnO00.txt,0,Annotator_2,codeWrite,F,codeWrite,F,80,0,1,0,0,0,0,0,0,0,0,0,0,0,0,1,1,0,0,0,0,0,0,0,0,0,1,0,1,0,4,0,0,0,0,0,2,0,3,2,3,1,1,0,0,1,12,2,1,0,1,0,0,3,6,0,0,0,0,0,1,0,0,0,0,0,0,0,0,0,0,0,0,6,6,0,0,0,0,5,0,1,1,0,0,0,0,4,4,3,2
0ukelcEjyA.txt,0,Annotator_1,bugFix,S,bugFix,S,51,0,0,0,0,0,0,0,0,0,0,0,1,0,0,1,2,0,0,0,1,0,0,0,0,0,0,0,1,2,1,0,0,0,0,0,0,0,2,1,4,0,0,0,0,3,7,0,0,2,0,1,0,1,1,0,0,0,0,0,0,0,1,0,0,0,0,0,0,0,0,1,0,2,5,0,0,0,0,2,0,2,0,0,0,0,0,3,1,3,0
0ukelcEjyA.txt,0,Annotator_0,bugFix,S,bugFix,S,46,0,0,1,0,0,0,0,0,0,0,0,1,0,0,1,2,0,0,0,1,0,0,0,0,0,0,0,1,2,1,0,0,0,0,0,0,0,2,0,3,0,0,0,0,2,6,0,0,2,1,0,0,1,1,0,0,0,0,0,0,0,1,0,0,0,0,0,0,0,0,1,0,2,3,0,0,0,0,2,0,2,0,0,0,0,0,3,1,3,0
0ukelcEjyA.txt,0,Annotator_2,bugFix,S,bugFix,S,50,0,0,1,0,0,0,0,0,0,0,0,1,0,0,1,2,0,0,0,1,0,0,0,0,0,0,0,1,1,0,0,0,0,0,0,0,0,2,1,6,0,0,0,0,2,8,0,0,2,1,0,0,2,5,0,0,0,0,0,0,0,1,0,0,0,0,1,1,0,0,1,0,0,0,0,0,0,0,2,0,2,0,0,0,0,0,2,0,3,0
0vaAICqxUi.txt,0,Annotator_1,bugFix,S,bugFix,S,79,0,0,0,0,0,0,0,0,0,0,0,3,2,0,2,1,0,0,0,1,0,0,0,0,0,0,0,1,0,2,1,0,1,2,2,1,1,0,3,1,1,0,0,0,7,3,0,0,2,0,0,0,1,1,0,0,0,0,1,0,0,0,0,0,0,0,1,1,0,0,0,1,10,6,0,0,2,0,2,0,1,3,0,0,0,0,1,1,6,4
0vaAICqxUi.txt,0,Annotator_0,bugFix,S,bugFix,S,88,0,0,0,0,0,0,0,1,0,0,1,3,2,0,2,1,0,0,0,1,0,0,0,0,0,0,0,1,0,1,1,0,1,1,2,1,2,1,2,3,1,0,0,0,9,7,0,0,2,1,0,0,1,1,0,0,0,0,1,0,0,0,0,0,0,0,2,2,0,0,1,2,7,5,0,0,2,0,2,0,1,4,0,0,0,0,2,0,4,4
0vaAICqxUi.txt,0,Annotator_2,bugFix,S,bugFix,S,94,0,0,0,0,0,0,0,1,0,0,0,0,1,0,2,1,0,0,0,1,0,0,0,0,0,0,0,1,0,1,1,0,1,1,2,1,2,1,4,4,1,0,0,0,11,8,0,0,2,1,0,0,1,1,0,0,0,0,1,0,0,0,0,0,0,0,2,2,0,0,1,3,9,5,0,0,2,0,2,0,1,4,0,0,0,0,1,1,6,4
1dK9nA1VpA.txt,0,Annotator_1,codeComprehension,S,codeComprehension,S,61,0,1,0,0,0,0,0,0,0,0,0,0,1,0,0,1,0,0,0,0,0,1,0,0,0,0,0,1,2,0,0,0,0,0,0,0,1,1,3,2,1,0,0,0,7,3,0,0,0,0,0,0,1,1,1,0,0,0,0,0,0,0,0,0,0,0,0,0,0,0,0,0,7,8,0,0,0,0,1,2,1,4,0,0,0,0,3,2,2,3
1dK9nA1VpA.txt,0,Annotator_0,codeComprehension,S,codeComprehension,S,70,0,1,0,0,0,0,0,0,0,0,0,1,0,0,0,1,0,0,0,0,0,1,0,0,0,0,0,1,4,0,0,0,0,0,0,0,1,3,1,2,1,0,0,0,7,5,0,0,1,1,0,0,1,2,0,1,0,0,0,0,0,0,0,0,0,0,4,4,2,1,0,0,1,2,0,0,0,0,0,3,1,3,0,0,1,0,2,4,5,2
1dK9nA1VpA.txt,0,Annotator_2,codeComprehension,S,codeComprehension,S,69,0,0,0,0,0,0,0,0,0,0,0,0,1,0,0,1,0,0,0,0,0,1,0,0,0,0,0,1,1,0,0,0,0,0,0,0,1,3,4,3,1,0,0,0,7,5,0,1,1,4,0,0,1,2,0,0,0,0,0,0,0,0,0,0,0,0,3,3,2,1,0,0,2,2,0,0,0,0,0,2,1,4,0,0,1,0,1,3,3,3
2I1pDSUuKI.txt,0,Annotator_1,codeComprehension,F,codeComprehension,F,143,1,3,1,0,0,5,0,0,0,0,0,0,3,0,0,0,1,0,0,0,0,1,0,0,0,0,0,1,1,1,0,0,0,2,2,1,1,2,14,4,0,0,0,0,13,7,3,1,0,0,0,0,0,0,6,5,2,1,0,0,0,0,0,0,3,1,7,5,1,2,0,0,4,3,0,2,0,0,1,4,3,5,0,0,3,0,3,6,4,4
2I1pDSUuKI.txt,0,Annotator_0,codeComprehension,F,codeComprehension,F,201,2,2,1,0,0,6,0,0,0,0,0,1,3,0,0,0,1,0,0,0,0,1,0,0,0,0,0,1,2,3,0,0,2,1,4,1,3,3,8,7,4,0,0,0,21,12,2,2,3,3,0,0,3,2,2,2,6,3,0,0,0,0,0,0,0,2,4,6,6,2,0,2,7,6,0,0,0,0,1,6,4,6,0,0,3,1,4,2,7,15
2I1pDSUuKI.txt,0,Annotator_2,codeComprehension,F,codeComprehension,F,240,0,0,0,5,0,0,0,0,0,0,0,0,1,0,0,0,1,0,0,0,0,1,0,0,0,0,0,1,2,3,0,0,1,1,3,1,5,2,20,12,1,0,0,0,28,14,4,5,7,4,1,0,1,1,0,1,2,0,1,0,0,0,0,0,2,2,4,6,11,9,1,2,10,9,0,1,0,0,2,3,2,9,0,0,4,4,5,7,6,12
2csTeIEEHO.txt,0,Annotator_1,codeWrite,S,codeWrite,S,62,0,0,0,0,0,0,0,0,0,0,1,2,0,0,1,1,0,0,0,0,0,0,0,0,0,1,0,1,0,0,1,0,2,0,0,0,0,5,3,2,0,0,0,0,6,5,0,2,0,0,0,0,0,0,1,0,0,0,0,0,0,0,0,0,0,0,0,0,0,0,0,0,10,7,0,0,1,0,2,0,1,0,1,0,0,0,0,0,6,0
2csTeIEEHO.txt,0,Annotator_0,codeWrite,S,bugFix,S,63,0,0,0,0,0,0,0,0,0,0,0,2,1,0,2,1,0,0,0,1,0,0,0,0,0,0,0,1,3,1,0,0,2,0,0,0,0,4,1,2,0,0,0,0,7,6,0,1,2,1,0,0,1,3,1,0,0,0,0,0,0,0,0,0,0,0,0,0,0,0,1,1,5,2,0,0,1,0,2,0,1,0,0,0,0,0,1,1,5,0
2csTeIEEHO.txt,0,Annotator_2,codeWrite,S,codeWrite,S,49,0,0,0,0,0,0,0,0,0,0,0,1,0,0,2,1,0,0,0,0,0,0,0,0,0,1,0,1,0,1,0,0,0,0,0,0,0,3,3,2,0,0,1,0,4,4,0,2,0,0,1,0,1,3,0,0,0,0,1,0,0,0,0,0,0,0,1,1,0,0,0,0,4,2,0,0,1,0,1,0,2,0,0,0,0,0,0,1,4,0
2csTeIEEHO.txt,1,Annotator_1,bugFix,F,bugFix,F,58,0,0,0,0,0,0,0,0,0,0,0,0,0,0,3,5,0,0,0,1,0,0,0,0,0,0,1,0,0,1,0,0,1,0,0,0,3,0,1,1,2,0,0,0,5,2,2,0,1,2,0,0,0,0,0,0,0,0,0,0,0,0,0,0,0,0,0,0,0,0,2,0,7,3,0,0,0,0,0,0,3,3,0,0,0,0,0,1,5,3
2csTeIEEHO.txt,1,Annotator_0,bugFix,F,bugFix,F,26,0,0,0,0,0,0,0,0,0,0,0,0,0,0,3,5,0,0,0,1,0,0,0,0,0,0,0,1,0,1,0,0,0,0,0,0,0,0,1,1,0,0,0,0,1,2,0,0,1,3,0,0,0,0,0,0,0,0,1,0,0,0,0,0,0,0,0,0,0,0,0,0,0,0,0,0,0,0,0,0,1,1,0,0,0,0,0,0,1,2
2csTeIEEHO.txt,1,Annotator_2,bugFix,F,bugFix,F,30,0,0,0,1,0,0,0,0,0,0,0,0,1,0,2,2,0,0,0,1,0,0,0,0,0,0,0,1,1,0,0,0,0,0,0,0,0,0,2,1,0,0,0,0,3,1,0,0,2,3,0,0,0,0,0,0,0,0,0,0,0,0,0,0,0,0,0,0,0,0,0,0,2,0,0,0,0,0,0,0,1,2,0,0,0,0,1,0,1,2
3KxjNlvJ0z.txt,0,Annotator_1,bugFix,F,bugFix,F,61,0,4,0,1,0,0,0,0,0,0,0,0,0,0,0,0,0,0,0,1,0,0,0,0,0,0,0,1,1,0,0,0,0,0,0,1,1,1,1,5,0,0,0,0,3,6,0,1,1,2,0,0,0,2,1,2,0,0,0,0,0,0,0,0,0,0,0,0,0,0,0,1,5,4,0,0,1,0,0,0,3,4,0,0,0,0,3,1,2,2
3KxjNlvJ0z.txt,0,Annotator_0,bugFix,F,bugFix,F,67,0,3,0,3,0,0,0,0,0,0,0,0,1,0,1,0,0,0,0,1,0,0,0,0,0,0,0,1,1,1,0,0,0,0,0,1,1,1,1,4,0,1,0,0,3,7,0,1,0,2,0,0,0,1,1,1,0,1,0,0,0,0,0,0,0,0,3,1,0,0,0,1,2,5,0,0,1,0,0,0,2,3,0,0,0,1,1,0,3,6
3KxjNlvJ0z.txt,0,Annotator_2,bugFix,F,bugFix,F,75,0,1,0,2,0,0,0,0,0,0,0,0,0,0,0,0,0,0,0,1,0,0,0,0,0,0,0,1,0,0,0,0,0,0,0,1,0,1,3,10,1,0,0,0,4,11,0,1,2,2,0,0,0,5,1,1,0,0,0,0,1,0,0,0,0,0,0,0,0,0,0,2,4,5,0,0,0,0,0,0,3,3,1,0,0,0,0,0,5,3
3N9nlnv8vQ.txt,0,Annotator_1,codeWrite,S,codeWrite,S,109,1,0,0,0,0,1,0,0,0,1,0,3,2,0,1,1,0,0,0,0,0,0,0,0,0,1,0,1,4,0,2,0,2,1,0,0,2,5,0,3,2,1,0,0,11,6,0,3,1,2,0,0,1,1,1,1,0,0,0,2,0,0,0,0,0,0,1,0,0,0,0,1,11,9,0,0,1,0,1,1,1,5,0,0,0,0,6,3,3,3
3N9nlnv8vQ.txt,0,Annotator_0,codeWrite,S,codeWrite,S,123,2,0,0,0,0,0,0,0,0,1,0,5,2,0,1,3,0,0,0,0,0,0,0,0,0,1,0,1,6,1,0,0,5,0,0,0,3,3,0,6,0,1,0,0,12,11,0,0,0,3,0,0,2,2,1,1,1,2,0,2,0,0,0,0,0,0,0,0,0,0,0,1,13,5,0,0,0,1,3,0,1,4,0,0,0,0,5,4,5,3
3N9nlnv8vQ.txt,0,Annotator_2,codeWrite,S,codeWrite,S,126,1,0,0,1,0,0,0,0,0,1,0,3,2,0,1,2,0,0,0,0,0,0,0,0,0,1,0,1,4,1,2,0,1,0,0,0,1,2,5,6,1,2,0,0,14,9,0,2,1,1,0,1,2,2,0,0,0,0,0,2,0,0,0,0,0,0,1,0,0,0,0,1,12,9,2,1,0,0,1,0,3,6,0,0,0,0,4,3,5,6
3aI7QCdMmp.txt,0,Annotator_1,bugFix,F,bugFix,F,44,0,0,0,0,0,0,0,0,0,0,0,0,0,0,3,3,0,0,0,1,0,0,0,0,0,0,0,1,1,0,0,0,0,0,0,2,0,0,0,2,2,0,0,0,3,3,0,1,1,1,0,0,0,0,0,0,0,0,1,0,1,0,0,1,1,0,0,4,0,0,0,0,0,1,0,0,0,0,0,1,1,2,0,0,0,0,2,0,2,3
3aI7QCdMmp.txt,0,Annotator_0,bugFix,F,bugFix,F,52,0,1,0,0,0,0,0,0,0,0,0,0,0,0,3,4,0,0,0,1,0,0,0,0,0,0,0,1,1,0,0,0,0,0,0,2,0,0,1,2,2,0,0,0,4,4,0,0,2,0,1,0,0,0,0,0,0,0,2,0,0,0,1,1,0,0,0,3,0,0,0,1,0,1,0,1,0,0,0,1,2,2,0,0,0,0,2,0,3,3
3aI7QCdMmp.txt,0,Annotator_2,bugFix,F,bugFix,F,50,0,1,0,0,0,0,0,0,0,0,0,0,0,0,3,4,0,0,0,1,0,0,0,0,0,0,0,1,0,0,1,0,0,0,0,1,0,0,2,3,1,0,0,0,4,4,0,0,2,1,0,0,0,0,0,0,0,0,0,1,0,0,0,1,0,0,1,2,0,0,1,0,1,1,1,1,0,0,0,1,2,2,0,0,0,0,0,0,3,3
451n3l6h9l.txt,0,Annotator_0,bugFix,S,bugFix,S,221,1,1,0,1,0,1,0,1,0,0,0,10,9,3,1,0,0,0,0,1,0,0,0,0,0,0,1,0,2,4,1,0,5,0,2,1,0,5,10,16,1,3,0,0,20,26,1,3,4,7,0,0,0,3,0,0,0,1,1,1,0,0,0,0,0,0,1,1,9,11,5,5,5,6,0,0,0,0,0,0,2,1,0,0,2,5,2,6,6,7
4RgDwDpNx3.txt,0,Annotator_1,codeImprove,F,codeImprove,F,75,0,1,0,0,0,1,0,0,0,0,0,0,0,0,1,1,0,0,0,0,0,0,0,1,0,0,1,0,1,1,1,0,0,0,0,1,1,1,4,6,1,0,0,0,6,8,2,1,0,0,1,0,1,2,0,0,1,1,0,0,1,0,1,0,0,0,3,3,0,0,1,1,1,5,0,0,0,0,0,1,2,2,0,0,0,0,1,3,3,1
4RgDwDpNx3.txt,0,Annotator_0,codeImprove,F,codeImprove,F,79,0,1,0,0,0,1,0,0,0,0,0,0,0,0,1,1,0,0,0,0,0,0,0,1,0,0,1,0,1,2,1,0,0,0,0,1,1,2,4,5,1,0,0,0,6,9,2,1,0,0,1,0,1,2,0,0,1,1,0,0,1,0,1,0,0,0,3,4,0,0,1,1,1,5,0,0,0,0,0,1,2,2,0,0,0,0,1,1,3,4
4RgDwDpNx3.txt,0,Annotator_2,codeImprove,F,codeImprove,F,81,0,1,0,1,0,0,0,0,0,0,0,0,0,1,1,1,0,0,0,0,0,0,0,1,0,0,1,0,1,3,1,0,0,0,0,1,1,2,4,4,1,0,0,0,5,9,3,1,0,0,1,1,1,2,0,0,1,1,0,0,1,0,1,0,0,0,3,3,0,0,1,1,1,5,0,0,0,0,0,1,2,2,0,0,0,0,1,1,4,4
4fJHoFJuGw.txt,0,Annotator_1,bugFix,S,bugFix,S,212,2,1,0,0,0,0,0,0,1,0,0,11,6,0,1,1,0,0,0,1,0,0,0,0,0,0,0,1,6,1,4,0,10,0,0,0,0,4,10,14,6,0,0,0,31,17,2,1,1,2,6,0,1,5,3,3,0,0,1,0,0,0,0,0,0,2,0,0,0,0,1,0,23,9,0,0,1,0,0,0,1,2,0,0,0,0,11,1,6,2
4fJHoFJuGw.txt,0,Annotator_0,bugFix,S,bugFix,S,242,1,0,0,0,0,1,1,0,1,0,0,10,6,1,1,1,0,0,0,1,0,0,0,0,0,0,0,1,5,1,4,0,4,0,0,0,4,5,16,14,4,0,5,0,40,20,2,0,6,3,6,0,7,6,6,2,0,5,2,0,0,0,0,0,0,0,0,0,1,0,0,0,16,6,0,0,1,0,0,0,1,2,0,0,0,0,13,1,7,2
4fJHoFJuGw.txt,0,Annotator_2,bugFix,S,bugFix,S,244,1,0,0,0,0,1,1,0,0,0,0,8,3,1,1,1,0,0,0,1,0,0,0,0,0,0,0,1,8,1,4,1,2,0,0,0,1,4,17,16,8,0,2,0,37,22,5,0,2,2,9,2,3,6,3,1,0,1,1,0,0,0,0,0,0,0,3,1,0,1,0,0,22,10,1,0,1,0,0,1,1,1,0,0,0,0,12,0,9,4
5KkgnHmjyy.txt,0,Annotator_1,codeComprehension,S,codeComprehension,S,10,0,0,0,0,0,0,0,0,0,0,0,0,0,0,1,0,0,0,0,0,0,1,0,0,0,0,0,1,1,0,0,0,0,0,0,0,0,0,0,0,0,0,0,0,1,0,0,0,0,0,0,0,0,0,1,1,0,0,0,0,0,0,0,0,0,0,0,0,0,0,0,0,0,0,0,0,0,0,0,0,0,1,0,0,0,0,1,1,0,0
5KkgnHmjyy.txt,0,Annotator_0,codeComprehension,S,codeComprehension,S,13,0,0,0,0,0,0,0,0,0,0,0,0,0,0,1,0,0,0,0,0,0,1,0,0,0,0,0,1,1,0,0,0,0,0,0,0,0,0,0,0,0,0,0,0,1,0,0,0,0,0,0,0,0,0,1,0,0,0,0,0,0,0,0,0,0,0,1,1,0,0,0,0,0,0,0,0,1,0,0,0,0,1,0,0,0,0,1,1,1,0
5KkgnHmjyy.txt,0,Annotator_2,codeComprehension,S,codeComprehension,S,19,0,0,0,0,0,0,0,0,0,0,0,0,0,0,1,0,0,0,0,0,0,1,0,0,0,0,0,1,1,0,0,0,0,0,0,0,0,1,1,0,0,0,0,0,2,1,0,0,0,0,0,0,0,0,0,0,0,0,0,0,0,0,0,0,0,0,3,2,0,0,0,0,0,0,0,0,0,0,0,0,1,1,0,0,0,0,1,0,1,1
5KkgnHmjyy.txt,1,Annotator_1,codeComprehension,S,codeComprehension,S,32,0,0,0,0,0,0,0,0,0,0,0,0,0,0,0,0,0,0,0,0,0,1,0,0,0,0,0,1,1,0,0,0,1,0,0,0,0,0,2,0,0,0,2,0,5,0,1,0,0,0,0,0,0,0,6,2,0,0,1,0,0,0,0,0,0,0,0,0,0,0,0,0,0,0,0,0,1,0,0,1,0,1,0,0,0,0,3,2,1,0
5KkgnHmjyy.txt,1,Annotator_0,codeComprehension,S,codeComprehension,S,34,0,0,0,0,0,0,0,0,0,0,0,1,0,0,0,0,0,0,0,0,0,1,0,0,0,0,0,1,4,0,0,0,0,0,0,0,0,0,1,0,0,0,1,0,5,0,1,0,0,0,0,0,0,0,4,1,0,0,1,0,0,0,0,0,0,0,2,1,0,0,0,0,0,0,0,0,1,0,0,0,0,2,0,0,0,0,3,0,2,2
5KkgnHmjyy.txt,1,Annotator_2,codeComprehension,S,codeComprehension,S,44,0,0,0,0,0,0,0,0,0,0,0,0,0,0,0,0,0,0,0,0,0,1,0,0,0,0,0,1,2,0,0,0,0,0,0,0,2,1,1,0,1,0,3,0,8,1,1,0,0,0,0,0,0,0,5,2,0,0,1,0,0,0,0,0,0,0,4,1,0,0,0,0,0,0,0,0,1,0,0,0,0,2,0,0,0,0,1,0,3,2
5f14cjPPt8.txt,0,Annotator_1,bugFix,S,bugFix,S,54,1,0,0,0,0,0,0,0,0,0,0,3,2,0,2,2,0,0,0,2,0,0,0,0,0,0,0,1,0,1,0,0,3,0,0,0,1,0,2,6,0,0,0,0,4,7,1,0,3,2,0,0,0,3,0,0,0,0,0,0,0,0,0,0,0,0,0,0,0,0,0,0,4,1,0,0,0,0,1,0,0,0,0,0,0,0,0,1,1,0
5f14cjPPt8.txt,0,Annotator_0,bugFix,S,bugFix,S,63,0,0,0,0,0,0,0,0,0,0,0,2,1,0,2,3,0,0,0,1,0,0,0,0,0,0,0,1,2,0,0,0,2,0,0,0,2,1,1,8,0,0,0,0,7,9,0,0,2,2,0,0,1,2,0,0,1,1,0,0,0,0,0,0,0,0,0,1,0,0,0,0,3,0,1,3,0,0,1,0,0,0,0,0,0,0,2,0,1,0
5f14cjPPt8.txt,0,Annotator_2,bugFix,S,bugFix,S,60,0,0,0,0,0,0,0,0,0,0,0,1,1,0,2,3,0,0,0,1,0,0,0,0,0,0,0,1,0,0,0,0,1,0,0,0,1,0,4,10,0,0,0,0,5,9,1,1,4,3,0,0,0,5,0,0,0,0,0,0,0,0,0,0,0,0,2,2,0,0,0,0,1,0,0,0,0,0,1,0,0,0,0,0,0,0,0,0,1,0
5j2cO1KbpN.txt,0,Annotator_1,bugFix,S,bugFix,S,60,0,1,0,0,0,0,0,2,1,1,0,0,0,0,1,1,0,0,0,1,0,0,0,0,0,0,0,1,2,1,0,0,1,1,0,0,0,0,6,3,0,0,1,0,9,4,1,1,3,2,0,0,0,0,2,0,0,0,1,0,0,0,0,0,0,0,1,0,0,0,0,0,3,1,1,2,0,0,0,0,1,0,0,0,0,0,0,0,3,1
5j2cO1KbpN.txt,0,Annotator_0,bugFix,S,bugFix,S,67,0,1,0,1,0,0,0,2,1,1,0,1,0,0,2,2,0,0,0,1,0,0,0,0,0,0,0,1,2,1,0,0,2,1,0,0,1,0,5,3,0,0,1,0,9,5,2,0,3,2,0,0,0,0,2,0,0,0,1,0,0,0,0,0,0,0,1,0,0,0,0,0,4,1,1,2,0,0,0,0,1,0,0,0,0,0,0,0,3,1
5j2cO1KbpN.txt,0,Annotator_2,bugFix,S,bugFix,S,66,0,1,0,1,0,0,0,2,1,1,0,0,0,0,2,2,0,0,0,1,0,0,0,0,0,0,0,1,2,1,0,0,2,1,0,0,1,0,5,3,0,0,1,0,9,5,2,0,3,2,0,0,0,0,2,0,0,0,1,0,0,0,0,0,0,0,1,0,0,0,0,0,4,1,1,2,0,0,0,0,1,0,0,0,0,0,0,0,3,1
5j2cO1KbpN.txt,1,Annotator_1,codeImprove,S,codeImprove,S,16,0,1,0,0,0,0,0,0,0,0,0,0,0,0,0,0,0,0,0,0,0,0,0,1,0,0,0,1,0,0,1,0,1,0,0,0,0,0,0,0,1,0,0,0,2,0,0,0,0,0,0,0,0,0,0,0,0,0,2,1,0,0,0,0,0,0,0,0,0,0,0,0,1,0,0,0,0,0,0,0,0,1,0,0,0,0,1,0,1,1
5j2cO1KbpN.txt,1,Annotator_0,codeImprove,S,codeImprove,S,18,0,1,0,0,0,0,0,0,0,0,0,0,0,0,1,0,0,0,0,0,0,0,0,1,0,0,0,1,0,0,1,0,1,0,0,0,0,0,1,0,1,0,0,0,2,0,0,0,0,0,0,0,0,0,0,0,0,0,1,0,0,0,0,0,0,0,0,0,0,0,0,0,2,1,0,0,0,0,0,0,0,1,0,0,0,0,1,0,1,1
5j2cO1KbpN.txt,1,Annotator_2,codeImprove,S,codeImprove,S,18,0,0,0,0,0,0,0,1,0,0,0,0,0,0,1,0,0,0,0,0,0,0,0,1,0,0,0,1,0,0,1,0,1,0,0,0,0,0,0,0,1,0,0,0,3,0,0,0,0,0,0,0,0,0,0,0,0,0,2,0,0,0,0,0,0,0,0,0,0,0,0,0,1,1,0,0,0,0,0,0,0,1,0,0,0,0,1,0,1,1
5j2cO1KbpN.txt,2,Annotator_1,codeWrite,S,codeWrite,S,116,1,0,0,0,0,0,0,0,0,0,0,1,1,0,0,0,0,0,0,0,0,0,0,0,0,1,0,1,6,2,4,0,1,0,0,0,1,5,3,3,0,0,0,0,11,8,0,1,2,2,0,0,2,1,3,4,0,0,1,3,0,0,0,0,0,0,0,0,0,0,0,0,9,5,0,2,1,0,0,2,0,6,1,0,0,0,10,6,2,4
5j2cO1KbpN.txt,2,Annotator_0,codeWrite,S,codeWrite,S,123,1,0,0,0,0,0,0,0,0,0,0,1,1,0,1,0,0,0,0,0,0,0,0,0,0,1,0,1,6,2,4,0,1,0,0,0,1,6,3,3,0,0,0,0,15,10,0,1,2,2,0,1,3,1,2,4,0,0,0,3,0,0,0,0,0,0,0,0,0,0,0,0,10,5,0,2,1,0,0,1,1,6,0,0,0,0,10,6,2,3
5j2cO1KbpN.txt,2,Annotator_2,codeWrite,S,codeWrite,S,127,1,0,0,0,0,0,0,0,0,0,0,0,1,0,0,0,0,0,0,0,0,0,0,0,0,1,0,1,6,2,4,0,1,0,0,0,1,7,3,4,0,0,0,0,14,12,1,1,2,3,0,1,4,1,2,4,0,0,0,3,0,0,0,0,0,0,0,0,0,0,0,0,9,6,0,2,1,0,0,1,1,6,0,0,0,0,9,5,3,4
5j2cO1KbpN.txt,3,Annotator_1,codeWrite,F,codeWrite,F,20,0,0,0,1,0,0,0,1,0,0,0,0,0,0,0,0,1,0,0,0,0,0,0,0,0,1,1,0,0,0,0,0,0,0,0,0,0,0,1,1,0,0,1,0,2,1,0,0,1,0,0,0,0,0,1,0,0,0,0,0,0,0,0,0,0,1,0,0,0,0,0,0,0,2,0,0,0,0,0,1,0,1,0,0,0,0,0,0,0,2
5j2cO1KbpN.txt,3,Annotator_0,codeWrite,F,codeWrite,F,20,0,0,0,1,0,0,0,1,0,0,0,0,0,0,0,0,1,0,0,0,0,0,0,0,0,1,0,1,1,0,0,0,0,0,0,0,0,0,0,1,0,0,1,0,2,1,0,0,1,0,0,0,0,0,1,0,0,0,0,0,0,0,0,0,0,1,0,0,0,0,0,0,0,2,0,0,0,0,0,1,0,1,0,0,0,0,0,0,0,2
5j2cO1KbpN.txt,3,Annotator_2,codeWrite,F,codeWrite,F,21,0,0,0,1,0,0,0,1,0,0,0,0,0,0,0,0,1,0,0,0,0,0,0,0,0,1,0,1,1,0,0,0,0,0,0,0,0,0,0,1,0,0,1,0,2,0,0,1,1,0,0,0,0,0,1,0,0,0,0,0,0,0,0,0,0,1,0,0,0,0,0,0,0,2,0,0,0,0,0,1,0,1,0,0,0,0,1,0,0,2
5oGw35pB7D.txt,0,Annotator_1,codeWrite,S,codeWrite,S,69,0,0,0,0,0,1,0,0,0,0,0,3,2,0,1,1,0,0,0,0,0,0,0,0,0,1,0,1,0,0,1,0,4,1,0,0,0,0,5,4,2,0,0,0,12,5,0,0,0,0,0,0,2,2,0,0,0,0,1,0,0,0,0,0,0,0,1,0,1,0,1,0,6,1,1,2,0,0,1,0,0,0,0,0,0,2,1,2,1,0
5oGw35pB7D.txt,0,Annotator_0,codeWrite,S,codeWrite,S,96,0,0,0,0,0,0,0,0,0,0,2,4,0,0,1,1,0,0,0,0,0,0,0,0,0,1,0,1,1,1,0,0,6,0,0,2,1,0,6,5,3,0,0,0,17,7,0,1,0,2,0,0,1,0,0,0,0,1,2,0,0,0,0,0,0,0,0,0,2,2,1,1,9,0,3,4,0,0,0,0,1,0,0,0,0,2,0,1,2,2
5oGw35pB7D.txt,0,Annotator_2,codeWrite,S,codeWrite,S,87,0,0,0,0,0,0,0,0,0,0,0,0,1,0,1,1,0,0,0,0,0,0,0,0,0,1,1,0,0,0,0,0,4,0,0,2,1,0,9,7,1,0,0,0,15,9,0,0,0,0,0,0,1,2,0,0,0,1,1,0,0,0,0,1,0,0,0,0,1,2,1,2,11,3,1,0,0,0,0,0,1,0,0,0,0,2,1,2,1,0
61fPqmTN8w.txt,0,Annotator_1,bugFix,S,bugFix,S,105,1,0,0,0,0,0,0,0,0,0,0,0,0,0,2,3,0,0,0,1,0,0,0,0,0,0,0,1,1,1,0,0,0,2,0,1,2,4,4,5,3,0,0,0,6,11,3,2,0,1,0,1,6,4,1,0,0,0,0,0,0,0,0,0,0,0,1,0,0,0,0,0,6,5,4,2,0,0,6,0,1,0,1,0,0,0,9,0,3,1
61fPqmTN8w.txt,0,Annotator_0,bugFix,S,bugFix,S,128,1,1,0,1,0,1,0,0,0,0,0,0,0,1,2,3,0,0,0,1,0,0,0,0,0,0,0,1,3,5,3,0,0,1,0,1,3,5,0,1,2,0,0,0,9,13,1,0,1,1,0,0,12,6,0,0,0,0,0,0,0,0,0,0,0,0,0,0,0,0,0,0,7,4,2,2,0,0,5,0,5,0,1,0,0,0,10,2,8,3
61fPqmTN8w.txt,0,Annotator_2,bugFix,S,bugFix,S,144,0,0,0,0,0,0,0,0,0,0,0,0,0,0,2,3,0,0,0,1,0,0,0,0,0,0,0,1,2,1,0,0,0,0,0,1,2,5,5,10,3,2,0,0,12,18,0,1,1,2,2,0,8,5,1,0,0,0,0,1,0,0,0,0,0,0,0,1,0,0,0,0,8,6,4,4,0,0,3,0,8,0,1,0,0,0,10,0,7,3
6GhHUL3ja4.txt,0,Annotator_1,codeWrite,S,codeWrite,S,9,0,0,0,0,0,0,0,0,0,0,0,0,0,0,0,0,0,0,0,0,0,0,0,0,0,1,0,1,1,0,0,0,1,0,0,0,0,0,0,0,0,0,0,0,2,0,0,0,0,0,0,0,0,0,0,0,0,0,0,0,0,0,0,0,0,0,0,0,0,0,0,0,2,0,0,0,0,0,0,0,0,0,0,0,0,0,0,0,1,0
6GhHUL3ja4.txt,0,Annotator_0,codeWrite,S,codeWrite,S,9,0,0,0,0,0,0,0,0,0,0,0,0,0,0,0,0,0,0,0,0,0,0,0,0,0,1,0,1,1,0,0,0,1,0,0,0,0,0,0,0,0,0,0,0,2,0,0,0,0,0,0,0,0,0,0,0,0,0,0,0,0,0,0,0,0,0,0,0,0,0,0,0,2,0,0,0,0,0,0,0,0,0,0,0,0,0,0,0,1,0
6GhHUL3ja4.txt,0,Annotator_2,codeWrite,S,codeWrite,S,8,0,0,0,0,0,0,0,0,0,0,0,0,0,0,0,0,0,0,0,0,0,0,0,0,0,1,0,1,0,0,0,0,1,0,0,0,0,0,1,0,0,0,0,0,2,0,0,0,0,0,0,0,0,0,0,0,0,0,0,0,0,0,0,0,0,0,0,0,0,0,0,0,2,0,0,0,0,0,0,0,0,0,0,0,0,0,0,0,0,0
6GhHUL3ja4.txt,1,Annotator_1,codeWrite,S,codeWrite,S,31,0,0,0,0,0,0,0,0,0,0,0,0,0,0,0,0,0,0,0,0,0,0,0,0,0,1,0,1,1,1,0,0,1,0,0,0,2,0,1,2,0,0,0,0,4,3,1,0,0,0,0,0,0,3,0,0,0,0,0,0,0,0,0,0,0,0,3,0,0,0,1,0,2,0,0,0,0,0,1,0,0,0,0,0,0,0,1,0,1,1
6GhHUL3ja4.txt,1,Annotator_0,codeWrite,S,codeWrite,S,31,0,0,0,0,0,0,0,0,0,0,0,0,0,0,0,0,0,0,0,0,0,0,0,0,0,1,0,1,1,1,0,0,1,0,0,0,2,0,1,2,0,0,0,0,5,3,0,0,0,0,0,0,0,3,0,0,0,0,0,0,0,0,0,0,0,0,3,0,0,0,1,0,2,0,0,0,0,0,1,0,0,0,0,0,0,0,1,0,1,1
6GhHUL3ja4.txt,1,Annotator_2,codeWrite,S,codeWrite,S,31,0,0,0,0,0,0,0,0,0,0,0,0,0,0,0,0,0,0,0,0,0,0,0,0,0,1,0,1,1,1,0,0,1,0,0,0,1,0,2,2,0,0,0,0,4,3,1,0,0,0,0,0,0,3,0,0,0,0,0,0,0,0,0,0,0,0,3,0,0,0,1,0,2,0,0,0,0,0,1,0,0,0,0,0,0,0,1,0,1,1
6GhHUL3ja4.txt,2,Annotator_1,codeWrite,F,codeWrite,F,16,0,0,0,0,0,0,0,0,0,0,0,0,1,0,0,0,0,0,0,0,0,0,0,0,0,1,1,0,0,1,0,0,0,0,0,0,0,0,1,0,0,0,0,0,1,1,0,0,0,0,0,0,0,1,0,0,0,0,0,0,0,0,0,0,0,0,0,0,0,0,0,0,2,1,0,0,0,0,0,0,1,1,0,0,0,0,0,2,1,0
6GhHUL3ja4.txt,2,Annotator_0,codeWrite,F,codeWrite,F,16,0,0,0,0,0,0,0,0,0,0,0,0,1,0,0,0,0,0,0,0,0,0,0,0,0,1,1,0,0,1,0,0,0,0,0,0,0,0,1,0,0,0,0,0,1,1,0,0,0,0,0,0,0,1,0,0,0,0,0,0,0,0,0,0,0,0,0,0,0,0,0,0,2,1,0,0,0,0,0,0,1,1,0,0,0,0,0,2,1,0
6GhHUL3ja4.txt,2,Annotator_2,codeWrite,F,codeWrite,F,18,0,0,0,0,0,0,0,0,0,0,0,0,0,0,0,0,0,0,0,0,0,0,0,0,0,1,1,0,0,1,0,0,0,0,0,0,0,0,1,1,0,0,0,0,1,2,0,0,0,0,0,0,1,1,0,0,0,0,0,0,0,0,0,0,0,0,1,0,0,1,0,0,0,1,0,0,0,0,0,0,1,1,0,0,0,0,0,2,1,0
6Gnq0N3H5k.txt,0,Annotator_1,bugFix,S,bugFix,S,55,0,0,0,0,0,0,0,0,0,0,0,1,0,0,1,1,0,0,0,1,0,0,0,0,0,0,0,1,0,0,0,0,1,0,0,2,1,2,0,3,0,0,2,0,4,7,0,0,0,1,0,0,0,0,3,4,0,0,0,0,0,0,0,0,0,0,0,0,0,0,0,0,5,3,0,0,1,0,0,0,3,1,0,0,0,0,4,0,2,1
6Gnq0N3H5k.txt,0,Annotator_0,bugFix,S,bugFix,S,98,0,0,0,0,0,0,0,0,0,0,0,2,0,0,1,1,0,0,0,1,0,0,0,0,0,0,0,1,2,0,3,0,2,0,0,1,3,1,0,8,1,0,0,0,12,9,0,1,0,1,0,0,1,5,2,2,1,2,1,0,0,0,0,0,0,0,2,1,0,0,0,0,8,3,0,0,0,0,0,1,3,3,0,0,0,0,1,1,8,3
6Gnq0N3H5k.txt,0,Annotator_2,bugFix,S,bugFix,S,52,0,0,0,0,0,0,0,0,0,0,0,1,0,0,2,1,0,0,0,1,0,0,0,0,0,0,0,1,1,1,1,0,0,0,0,1,1,1,1,2,0,1,0,0,4,6,0,0,0,0,0,0,0,1,2,2,1,2,0,0,0,0,0,0,0,0,2,0,0,0,0,0,2,2,0,0,0,0,0,0,1,1,2,0,0,0,1,1,4,2
6Gnq0N3H5k.txt,1,Annotator_1,codeWrite,S,codeWrite,S,41,0,0,0,0,0,0,0,0,0,0,0,1,0,0,0,0,0,0,0,0,0,0,0,0,0,1,0,1,0,0,0,0,1,0,0,0,1,0,3,3,2,0,0,0,7,2,0,1,0,0,0,0,0,2,0,0,0,0,1,0,0,0,0,0,0,0,0,0,0,0,0,0,6,3,0,0,0,0,0,1,0,1,0,0,0,0,0,0,2,2
6Gnq0N3H5k.txt,1,Annotator_0,codeWrite,S,codeWrite,F,9,0,0,0,0,0,0,0,0,0,0,0,0,1,0,0,0,0,0,0,0,0,0,0,0,0,1,0,1,0,0,0,0,0,0,1,0,0,0,0,0,0,0,0,0,1,0,0,0,0,0,0,0,0,0,0,0,1,1,0,0,0,0,0,0,0,0,0,0,0,0,0,0,0,0,0,0,0,0,0,0,0,1,0,0,0,0,0,0,0,1
6Gnq0N3H5k.txt,1,Annotator_2,codeWrite,S,codeWrite,S,44,0,0,0,0,0,0,0,0,0,0,0,0,0,0,0,0,0,0,0,0,0,0,0,0,0,1,0,1,0,1,1,0,0,0,0,0,3,0,4,3,0,0,0,0,8,3,0,1,0,0,0,0,0,2,0,0,0,0,0,0,0,0,0,0,0,0,0,0,0,0,0,0,8,4,0,0,0,0,0,1,0,1,0,0,0,0,0,0,0,2
6Gnq0N3H5k.txt,2,Annotator_1,codeWrite,S,codeWrite,S,226,0,1,1,0,0,0,0,0,3,0,0,7,4,0,0,1,0,0,0,0,0,0,0,0,0,1,0,1,2,0,0,0,3,0,1,2,2,10,13,12,2,2,1,0,22,23,1,2,3,2,0,0,5,5,4,5,1,3,2,1,0,0,0,0,0,0,0,0,0,0,0,0,19,17,0,0,1,0,4,3,5,5,0,0,0,0,11,7,4,2
6Gnq0N3H5k.txt,2,Annotator_0,codeWrite,S,codeComprehension,S,38,0,0,1,0,0,0,0,0,0,0,0,2,3,0,0,0,0,0,0,0,0,1,0,0,0,0,0,1,2,0,0,0,1,0,0,0,0,4,0,0,1,0,0,0,4,4,0,0,0,0,0,0,0,0,2,2,0,0,1,0,0,0,0,0,0,0,0,0,0,0,0,0,1,1,1,1,0,0,1,0,0,0,0,0,0,0,1,0,3,0
6Gnq0N3H5k.txt,2,Annotator_2,codeWrite,S,codeWrite,S,238,0,0,0,1,0,0,0,0,1,0,0,7,1,0,0,1,0,0,0,0,0,0,0,0,0,1,0,1,1,6,2,0,1,0,1,1,3,6,17,13,1,2,0,0,26,27,0,1,2,2,1,1,6,10,2,2,3,3,1,0,0,0,0,0,0,0,0,1,0,0,0,0,19,15,1,2,0,0,3,3,6,5,0,0,0,0,7,12,6,4
6SdCx2rR9F.txt,0,Annotator_1,codeWrite,S,codeWrite,S,188,0,0,0,0,0,0,0,0,0,0,0,1,2,1,0,0,0,0,0,0,0,0,0,0,0,1,1,0,3,0,1,0,1,4,1,0,3,5,10,12,0,0,0,0,15,19,0,0,0,0,0,0,6,8,2,2,3,3,0,2,0,0,0,0,0,0,4,2,2,2,2,1,10,12,0,0,2,0,1,4,5,6,2,0,1,2,7,3,5,9
6SdCx2rR9F.txt,0,Annotator_0,codeWrite,S,codeWrite,S,226,0,0,0,0,0,0,0,0,0,0,0,1,4,0,0,0,0,0,0,0,0,0,0,0,0,1,0,1,8,3,1,0,1,0,1,1,6,6,6,11,0,0,0,0,23,22,0,0,1,2,0,0,13,14,2,2,1,1,0,0,0,0,0,0,0,0,1,0,4,6,4,1,8,5,1,3,0,0,1,3,10,7,0,0,1,3,10,5,11,10
6SdCx2rR9F.txt,0,Annotator_2,codeWrite,S,codeWrite,S,244,0,0,0,0,0,0,0,0,0,0,0,0,1,0,0,1,0,0,0,0,0,0,0,0,0,1,0,1,7,3,2,0,1,0,1,0,4,6,14,14,0,0,0,0,29,22,0,1,0,1,1,0,14,18,2,1,2,1,0,1,0,0,0,0,0,0,2,1,5,6,4,1,10,4,0,2,0,0,1,2,9,8,0,0,1,3,8,5,12,11
6SmruBFHag.txt,0,Annotator_1,bugFix,S,bugFix,S,39,0,0,0,0,0,1,0,0,0,0,0,1,1,0,1,1,1,0,0,1,0,0,0,0,0,0,0,1,2,0,1,0,0,0,0,1,0,1,3,0,1,0,0,0,6,2,1,0,2,0,0,0,0,1,4,0,0,0,0,0,0,0,0,0,0,0,0,0,0,0,0,0,1,1,0,0,0,0,0,0,0,0,0,0,0,0,4,0,0,0
6SmruBFHag.txt,0,Annotator_0,bugFix,S,bugFix,S,38,0,0,0,0,0,1,0,0,0,0,0,1,1,0,1,1,1,0,0,1,0,0,0,0,0,0,0,1,2,0,0,0,0,0,0,0,0,1,0,1,1,0,3,0,6,2,0,0,2,1,0,0,0,1,2,0,0,0,0,0,0,0,1,0,0,0,0,0,0,0,0,0,1,0,0,0,0,0,0,0,0,0,0,0,0,0,5,0,1,0
6SmruBFHag.txt,0,Annotator_2,bugFix,S,bugFix,S,31,0,0,0,0,0,1,0,0,0,0,0,1,1,0,1,1,0,0,0,1,0,0,0,0,0,0,0,1,0,0,0,0,0,0,0,0,0,1,2,1,0,0,4,0,4,2,2,0,2,1,0,0,0,1,3,0,0,0,0,0,0,0,0,0,0,0,0,0,0,0,0,0,1,0,0,0,0,0,0,0,0,0,0,0,0,0,0,0,0,0
6T6Vt0vKUq.txt,0,Annotator_1,codeWrite,F,codeWrite,F,93,0,0,0,0,0,0,0,0,0,0,0,1,0,0,0,0,0,0,0,0,0,0,0,0,0,1,1,0,1,0,1,0,2,2,0,0,0,2,5,6,1,0,0,0,9,9,0,0,0,0,0,0,0,0,0,0,0,0,1,0,0,0,0,0,2,1,6,4,0,0,1,0,7,8,0,0,0,1,3,0,4,2,0,0,0,0,9,2,0,1
6T6Vt0vKUq.txt,0,Annotator_0,codeWrite,F,codeWrite,F,115,0,0,0,0,0,0,0,0,0,0,0,2,0,0,0,0,0,0,0,0,0,0,0,0,0,1,1,0,5,2,1,0,1,0,0,0,2,3,4,4,1,0,0,0,13,9,1,0,1,4,0,0,4,1,0,0,0,0,0,1,0,0,0,0,3,2,2,1,0,0,3,1,3,1,6,1,0,0,1,1,7,2,0,0,0,0,7,1,8,4
6T6Vt0vKUq.txt,0,Annotator_2,codeWrite,F,codeWrite,F,132,0,1,1,0,1,0,0,0,0,0,0,0,0,0,0,0,0,0,0,0,0,0,0,0,0,1,0,1,7,2,3,0,1,0,0,0,4,4,4,6,0,0,1,0,13,12,7,0,0,0,0,0,2,1,1,0,0,0,2,0,0,0,0,0,0,0,0,0,0,0,1,1,7,6,15,11,0,0,0,0,6,2,0,0,0,0,6,0,0,2
6wO85TkyPV.txt,0,Annotator_1,codeWrite,F,codeWrite,F,49,0,4,1,0,0,0,1,0,0,0,0,0,0,1,0,4,0,0,0,0,0,0,0,0,0,1,0,1,1,1,0,0,2,0,0,1,0,0,0,3,1,0,0,0,3,4,1,1,1,3,0,0,0,0,0,0,0,1,0,0,0,0,0,1,1,0,1,1,0,0,0,0,2,0,0,0,0,0,0,0,1,1,0,0,0,0,0,0,3,2
6wO85TkyPV.txt,0,Annotator_0,codeWrite,F,codeWrite,F,48,0,3,1,0,0,0,1,0,0,0,0,0,0,1,0,4,0,0,0,0,0,0,0,0,0,1,0,1,1,1,0,0,2,0,0,1,0,0,0,3,1,0,0,0,3,4,1,1,1,3,0,0,0,0,0,0,0,1,0,0,0,0,0,1,1,0,1,1,0,0,0,0,2,0,0,0,0,0,0,0,1,1,0,0,0,0,0,0,3,2
6wO85TkyPV.txt,0,Annotator_2,codeWrite,F,codeWrite,F,42,0,0,1,4,0,0,1,0,0,0,0,0,0,0,0,3,0,0,0,0,0,0,0,0,0,1,0,1,0,0,0,0,0,0,0,1,0,0,3,3,1,0,0,0,3,4,1,0,1,3,0,0,0,0,0,0,0,0,0,0,0,0,0,1,1,0,1,1,0,0,0,0,2,0,0,0,0,0,0,0,1,1,0,0,0,0,0,0,2,1
7dFlizjIUl.txt,0,Annotator_1,bugFix,S,bugFix,S,14,0,0,0,0,0,0,0,0,0,0,0,1,0,0,1,1,0,0,0,1,0,0,0,0,0,0,0,1,0,0,0,0,1,0,0,0,0,0,1,0,0,0,0,0,2,0,0,0,0,0,0,0,0,0,1,0,0,0,0,0,0,0,0,1,0,0,0,0,0,0,0,0,1,0,0,0,0,0,0,0,0,1,0,0,0,0,0,1,0,0
7dFlizjIUl.txt,0,Annotator_0,bugFix,S,bugFix,S,14,0,0,0,0,0,0,0,0,0,0,0,1,0,0,1,1,0,0,0,1,0,0,0,0,0,0,0,1,0,0,0,0,1,0,0,0,0,0,1,0,0,0,0,0,2,0,0,0,0,0,0,0,0,0,1,0,0,0,0,0,0,0,0,1,0,0,0,0,0,0,0,0,1,0,0,0,0,0,0,0,0,1,0,0,0,0,0,1,0,0
7dFlizjIUl.txt,0,Annotator_2,bugFix,S,bugFix,S,14,0,0,0,0,0,0,0,0,0,0,0,1,0,0,1,1,0,0,0,1,0,0,0,0,0,0,0,1,0,0,0,0,1,0,0,0,0,0,1,1,0,0,0,0,2,0,0,1,0,1,0,0,0,0,1,0,0,0,0,0,0,0,0,0,0,0,0,0,0,0,0,0,1,0,0,0,0,0,0,0,0,0,0,0,0,0,0,0,0,0
7dFlizjIUl.txt,1,Annotator_1,codeComprehension,F,codeComprehension,F,50,0,1,0,0,0,0,0,0,0,0,0,0,0,0,0,0,0,0,0,0,0,1,0,0,0,0,0,1,2,0,0,0,0,0,0,0,3,0,0,0,0,0,0,0,4,0,1,0,0,0,0,0,2,3,3,1,0,0,0,0,0,0,0,0,0,0,0,3,0,0,0,0,2,1,0,0,0,0,0,3,0,5,2,0,0,0,2,3,2,5
7dFlizjIUl.txt,1,Annotator_0,codeComprehension,F,codeComprehension,F,50,0,1,0,0,0,0,0,0,0,0,0,0,0,0,0,0,0,0,0,0,0,1,0,0,0,0,1,0,2,0,0,0,0,0,0,0,3,0,0,0,0,0,0,0,4,0,1,0,0,0,0,0,2,4,3,1,0,0,0,0,0,0,0,0,0,0,0,2,0,0,0,0,2,1,0,0,0,0,0,3,0,5,2,0,0,0,2,3,2,5
7dFlizjIUl.txt,1,Annotator_2,codeComprehension,F,codeComprehension,F,59,0,1,0,0,0,0,0,0,0,0,0,0,0,0,0,0,0,0,0,0,0,1,0,0,0,0,0,1,2,0,0,0,0,0,0,0,3,0,0,2,0,0,0,0,4,2,1,0,0,0,0,0,2,9,2,1,1,0,0,0,0,0,0,0,0,0,0,0,0,0,0,0,2,1,0,0,0,0,0,2,0,7,2,0,0,0,2,1,2,8
8GC1AozEzj.txt,0,Annotator_0,codeWrite,S,codeWrite,S,42,0,0,0,0,0,0,0,0,0,0,0,0,1,0,0,2,0,0,0,0,0,0,0,0,0,1,0,1,0,0,0,0,1,0,0,0,0,2,5,0,1,0,0,0,7,2,0,0,2,1,1,0,0,0,0,0,0,0,1,0,0,0,0,0,0,0,1,0,0,0,0,0,3,2,1,0,0,0,1,0,1,1,0,0,0,0,1,0,2,1
8nDec8kInh.txt,0,Annotator_0,codeWrite,F,codeWrite,F,110,0,2,0,0,0,0,0,0,0,0,0,1,0,0,0,0,0,0,0,0,0,0,0,0,0,1,1,0,5,1,5,0,1,0,0,0,0,4,1,6,1,0,0,0,13,12,0,0,0,0,1,0,1,3,0,0,0,0,0,1,0,0,0,0,0,0,0,1,0,0,2,2,14,6,0,0,2,0,0,0,2,1,1,0,0,0,6,1,10,2
96NG6VfuP2.txt,0,Annotator_1,bugFix,S,bugFix,S,167,0,0,2,0,0,0,1,0,0,0,0,2,1,0,1,0,3,0,0,1,0,0,0,0,0,0,1,0,1,0,1,0,0,0,1,0,2,2,15,17,3,1,0,0,21,19,1,0,0,1,4,0,3,3,1,0,0,0,1,0,0,1,0,1,6,6,2,1,2,1,0,0,9,4,1,1,2,0,2,0,2,0,0,0,1,3,2,2,8,1
96NG6VfuP2.txt,0,Annotator_0,bugFix,S,bugFix,S,168,0,0,0,1,0,0,1,0,0,0,0,0,1,0,0,0,1,0,0,1,0,0,0,0,0,0,0,1,5,3,0,0,1,0,1,0,2,5,6,9,2,3,0,0,17,20,0,0,3,1,10,2,3,2,0,0,0,1,0,1,0,1,0,0,0,4,0,1,3,6,0,0,7,5,0,0,2,0,0,0,5,0,0,0,2,4,4,1,12,8
96NG6VfuP2.txt,0,Annotator_2,bugFix,S,bugFix,S,208,0,0,1,0,0,1,1,0,0,0,0,0,2,0,0,0,1,0,0,1,0,0,0,0,0,0,0,1,2,1,0,0,0,0,1,1,1,6,17,16,3,2,1,0,24,26,1,0,1,1,10,3,4,4,0,0,0,1,5,4,0,1,0,0,1,1,1,3,3,8,0,0,8,4,0,1,2,0,0,0,4,1,1,0,1,4,2,2,11,6
96QshjMJEe.txt,0,Annotator_1,bugFix,F,bugFix,F,108,0,1,1,0,0,0,0,0,0,2,0,0,0,0,1,1,0,0,0,1,0,0,0,0,0,0,0,1,1,1,7,0,0,0,0,0,0,1,5,6,1,0,0,0,13,7,0,0,0,4,1,0,1,1,1,0,0,0,0,0,0,0,0,0,0,0,2,1,0,0,0,0,15,5,0,0,0,0,1,0,3,3,2,0,0,0,13,1,1,3
96QshjMJEe.txt,0,Annotator_0,bugFix,F,bugFix,F,158,1,0,0,0,0,0,0,0,0,0,0,0,0,0,1,1,0,0,0,1,0,0,0,0,0,0,0,1,4,3,9,0,0,0,0,0,0,3,8,6,2,0,0,0,23,12,0,0,4,7,2,0,1,1,1,1,0,1,3,0,1,0,0,0,0,0,0,0,0,0,0,0,19,5,0,0,0,0,0,0,7,3,0,0,0,0,11,2,10,4
96QshjMJEe.txt,0,Annotator_2,bugFix,F,bugFix,F,169,0,0,0,0,0,0,0,0,0,0,0,0,0,0,1,1,0,0,0,1,0,0,0,0,0,0,1,0,1,1,6,0,0,1,1,0,1,3,19,8,1,0,1,0,30,12,0,1,4,8,1,0,1,1,1,1,0,0,1,1,4,1,0,0,0,0,11,4,0,0,1,0,12,0,0,0,0,0,0,0,6,3,0,0,0,0,5,1,9,3
9PEjQqy5db.txt,0,Annotator_1,bugFix,S,bugFix,S,38,0,1,0,0,0,0,0,0,0,0,0,1,1,0,0,0,0,0,0,1,0,0,0,0,0,0,0,1,1,2,0,0,1,0,0,0,0,1,4,0,0,0,0,0,6,3,0,0,3,1,0,0,0,2,0,0,0,0,0,0,1,0,0,0,0,0,0,0,0,0,0,0,3,0,0,0,0,0,0,0,0,0,1,0,0,0,2,2,0,0
9PEjQqy5db.txt,0,Annotator_0,bugFix,S,bugFix,S,40,1,1,0,0,0,0,0,0,0,0,0,1,1,0,0,0,0,0,0,1,0,0,0,0,0,0,0,1,2,2,0,0,1,0,0,0,0,1,3,0,0,0,0,0,6,3,0,0,3,1,0,0,0,2,0,0,0,0,0,0,1,0,0,0,0,0,0,0,0,0,0,0,3,0,0,0,0,0,0,0,0,0,1,0,0,0,3,2,0,0
9PEjQqy5db.txt,0,Annotator_2,bugFix,S,bugFix,S,42,2,1,0,0,0,0,0,0,0,0,0,2,1,0,0,0,0,0,0,1,0,0,0,0,0,0,0,1,2,1,0,0,1,0,0,0,0,1,3,1,1,0,0,0,7,3,0,0,3,1,0,0,1,1,0,0,0,0,0,0,1,0,0,0,0,0,0,0,0,0,0,0,2,0,0,1,0,0,0,0,0,0,0,0,0,0,2,1,1,0
9SuvG95Mnb.txt,0,Annotator_1,codeWrite,S,codeWrite,S,47,0,0,0,0,0,0,0,0,0,0,0,0,2,0,1,0,0,0,0,0,0,0,0,0,0,1,0,1,0,0,0,0,1,1,0,0,2,1,5,0,0,0,0,0,8,2,0,0,1,0,0,0,0,0,1,0,0,0,0,0,2,0,0,0,0,0,0,0,0,0,2,0,4,4,0,0,0,0,2,2,0,0,0,0,0,0,0,0,2,2
9SuvG95Mnb.txt,0,Annotator_0,codeWrite,S,codeWrite,S,64,0,0,0,0,0,0,0,0,0,0,0,0,1,0,1,0,0,0,0,0,0,0,0,0,0,1,0,1,2,0,3,0,0,0,0,0,1,1,3,1,1,0,0,0,10,2,0,0,2,0,0,0,0,0,1,0,0,0,0,0,2,0,0,1,0,0,3,1,0,0,3,0,2,3,0,0,0,0,1,1,2,2,0,0,0,0,4,0,5,3
9SuvG95Mnb.txt,0,Annotator_2,codeWrite,S,codeWrite,S,65,0,0,0,0,0,0,0,0,0,0,0,0,1,0,1,0,0,0,0,0,0,0,0,0,0,1,0,1,2,0,3,0,0,0,0,0,1,1,4,1,1,0,0,0,10,2,0,0,2,0,0,0,0,0,1,0,0,0,0,0,2,0,0,1,0,0,4,1,0,0,3,0,1,3,0,0,0,0,1,1,2,2,0,0,0,0,4,0,5,3
9SuvG95Mnb.txt,1,Annotator_1,codeComprehension,S,codeComprehension,S,128,0,1,0,0,0,0,0,0,0,0,0,0,4,1,0,0,0,0,0,0,0,1,0,0,0,0,0,1,3,0,1,0,0,1,3,1,2,0,4,7,1,1,0,0,13,8,1,2,0,0,1,0,0,3,11,11,0,0,0,0,0,0,1,0,0,1,1,0,0,0,0,0,5,4,0,0,1,0,0,5,3,3,1,0,0,1,6,4,4,6
9SuvG95Mnb.txt,1,Annotator_0,codeComprehension,S,codeComprehension,S,146,1,0,0,0,0,1,1,0,0,0,0,0,5,0,0,0,0,0,0,0,0,1,0,0,0,0,0,1,6,1,1,0,0,0,2,1,3,1,1,6,2,3,0,0,15,10,0,2,1,0,0,0,1,3,6,4,1,2,0,1,0,0,1,0,0,1,5,2,0,0,0,0,5,8,0,0,0,0,0,6,3,3,2,0,0,0,6,3,8,10
9SuvG95Mnb.txt,1,Annotator_2,codeComprehension,S,codeComprehension,S,146,1,0,0,0,0,1,1,0,0,0,0,0,5,0,0,0,0,0,0,0,0,1,0,0,0,0,0,1,6,1,1,0,0,0,2,1,3,1,1,6,2,3,0,0,15,10,0,2,1,0,0,0,1,3,5,4,1,2,0,1,0,0,1,0,0,1,6,2,0,0,0,0,5,8,0,0,0,0,0,6,3,3,2,0,0,0,5,6,9,7
9aF3PjtySr.txt,0,Annotator_1,codeWrite,F,codeWrite,F,68,0,0,2,0,0,1,0,0,0,0,0,0,0,0,0,1,0,0,0,0,0,0,0,0,0,1,0,1,2,0,3,0,0,0,0,0,1,3,5,3,0,0,0,0,11,4,0,2,0,0,0,1,3,2,0,0,1,0,0,0,0,0,0,0,0,0,2,1,0,0,2,2,4,1,0,0,0,0,0,0,1,1,0,0,0,0,3,0,3,1
9aF3PjtySr.txt,0,Annotator_0,codeWrite,F,codeWrite,F,68,0,0,2,0,0,1,0,0,0,0,0,0,0,0,0,1,0,0,0,0,0,0,0,0,0,1,0,1,2,0,3,0,0,0,0,0,1,4,5,2,0,0,0,0,10,4,1,2,0,0,0,1,2,2,0,0,2,0,0,0,0,0,0,0,0,0,2,1,0,0,2,2,4,1,0,0,0,0,0,0,1,1,0,0,0,0,2,0,4,1
9aF3PjtySr.txt,0,Annotator_2,codeWrite,F,codeWrite,F,71,0,0,0,0,0,0,0,0,0,0,0,0,0,0,0,1,0,0,0,0,0,0,0,0,0,1,0,1,2,0,2,0,1,0,0,0,1,3,6,3,1,0,0,0,11,5,2,1,0,0,1,2,1,1,0,0,2,0,0,0,0,0,0,0,0,0,3,1,1,1,1,1,5,1,0,0,0,0,0,0,1,1,0,0,0,0,1,0,5,1
9xAV0vn4CG.txt,0,Annotator_1,bugFix,S,bugFix,S,41,0,0,0,0,0,0,0,0,0,0,0,2,0,0,0,2,0,0,0,1,0,0,0,0,0,0,0,1,2,0,0,0,0,0,0,0,0,0,7,0,0,0,0,0,9,0,0,0,0,0,0,0,0,0,5,0,0,0,0,0,0,0,0,0,0,0,1,0,0,0,1,0,2,2,0,0,0,1,0,0,0,1,0,0,0,0,2,1,0,1
9xAV0vn4CG.txt,0,Annotator_0,bugFix,S,bugFix,S,71,0,0,0,0,0,0,0,0,0,0,0,3,0,0,0,2,0,0,0,1,0,0,0,0,0,0,0,1,4,2,0,0,0,0,0,0,3,1,2,4,1,0,0,0,10,5,0,2,4,2,0,0,0,2,2,1,0,0,0,0,0,0,0,0,0,0,1,2,1,1,1,0,1,0,1,0,0,0,0,0,1,1,0,0,0,0,0,3,6,0
9xAV0vn4CG.txt,0,Annotator_2,bugFix,S,bugFix,S,66,0,1,0,0,0,0,0,0,0,0,0,2,1,0,0,2,0,0,0,1,0,0,0,0,0,0,0,1,1,0,0,0,0,0,0,0,2,1,8,4,0,0,0,0,11,3,0,2,4,2,0,0,0,1,3,0,0,0,0,0,0,0,0,0,0,0,3,2,0,0,1,0,1,1,0,1,0,0,0,0,1,2,0,0,0,0,0,1,2,1
9xAV0vn4CG.txt,1,Annotator_1,codeWrite,S,codeWrite,S,55,0,0,0,0,0,1,0,0,0,0,0,3,1,0,0,3,0,0,0,0,0,0,0,0,0,1,1,0,0,0,0,0,2,0,0,0,0,1,3,6,0,0,0,0,5,4,0,3,0,2,0,0,0,0,1,0,0,0,0,0,0,0,0,0,2,1,0,1,0,0,0,0,3,5,0,0,0,0,0,1,1,1,0,0,0,0,0,2,1,0
9xAV0vn4CG.txt,1,Annotator_0,codeWrite,S,codeWrite,S,33,0,0,0,0,0,0,0,0,0,0,1,2,0,0,0,1,0,0,0,0,0,0,0,0,0,1,0,1,0,1,0,0,1,0,0,0,0,0,0,1,2,0,0,0,3,3,0,0,0,1,0,0,0,0,0,2,0,0,1,0,0,0,0,0,0,0,0,0,0,0,0,0,2,2,0,0,0,0,0,0,0,3,0,0,0,0,0,3,2,0
9xAV0vn4CG.txt,1,Annotator_2,codeWrite,S,codeWrite,S,31,0,0,0,1,0,0,0,0,0,0,0,0,0,0,0,3,0,0,0,0,0,0,0,0,0,1,0,1,0,0,1,0,1,0,0,0,0,0,1,3,0,0,0,0,3,3,0,0,0,0,0,0,0,3,0,0,0,0,0,0,0,0,0,0,0,0,1,1,0,0,0,0,2,1,0,0,0,0,0,0,0,2,0,0,0,0,0,1,1,1
9xAV0vn4CG.txt,2,Annotator_1,codeWrite,F,codeWrite,F,3,0,1,0,0,0,0,0,0,0,0,0,0,0,0,0,0,0,0,0,0,0,0,0,0,0,1,0,1,0,0,0,0,0,0,0,0,0,0,0,0,0,0,0,0,0,0,0,0,0,0,0,0,0,0,0,0,0,0,0,0,0,0,0,0,0,0,0,0,0,0,0,0,0,0,0,0,0,0,0,0,0,0,0,0,0,0,0,0,0,0
9xAV0vn4CG.txt,2,Annotator_0,codeWrite,F,codeWrite,F,7,0,0,0,1,0,0,0,0,0,0,0,0,0,0,0,0,0,0,0,0,0,0,0,0,0,1,1,0,0,1,0,0,0,0,0,0,0,0,0,0,0,0,0,0,0,1,0,0,0,0,0,0,0,1,0,0,0,0,0,0,0,0,0,0,0,0,0,0,0,0,0,0,0,0,0,0,0,0,0,0,0,0,0,0,0,0,0,1,0,0
9xAV0vn4CG.txt,2,Annotator_2,codeWrite,F,codeWrite,F,8,0,1,0,1,0,0,0,0,0,0,0,0,1,0,0,0,0,0,0,0,0,0,0,0,0,1,0,1,0,0,0,0,0,0,0,0,0,0,0,1,0,0,0,0,0,1,0,0,0,0,0,0,0,1,0,0,0,0,0,0,0,0,0,0,0,0,0,0,0,0,0,0,0,0,0,0,0,0,0,0,0,0,0,0,0,0,0,0,0,0
C1KQHH5Fwt.txt,0,Annotator_1,bugFix,F,bugFix,F,143,1,0,0,0,0,0,0,0,0,1,0,3,1,0,0,1,0,0,0,1,0,0,0,0,0,0,0,1,1,0,1,0,1,1,2,1,7,4,5,5,0,1,0,0,17,5,0,5,0,0,0,0,0,0,13,10,0,0,1,1,0,0,0,0,0,0,0,0,0,0,0,0,10,8,1,0,1,0,1,4,2,3,4,1,0,0,3,4,7,4
C1KQHH5Fwt.txt,0,Annotator_0,bugFix,F,bugFix,F,165,1,0,0,0,0,0,0,1,0,0,0,3,2,0,0,1,0,0,0,1,0,0,0,0,0,0,0,1,2,1,1,0,0,1,3,1,6,11,3,2,1,0,0,0,16,13,0,3,0,0,1,0,0,0,13,15,0,0,1,1,0,0,0,0,0,0,0,0,0,0,0,0,8,9,1,1,1,0,1,6,0,4,6,0,0,0,3,7,9,4
C1KQHH5Fwt.txt,0,Annotator_2,bugFix,F,bugFix,F,172,1,0,0,0,0,0,0,0,0,0,0,1,1,0,0,1,0,0,0,1,0,0,0,0,0,0,0,1,1,2,3,0,0,0,2,1,5,10,4,5,2,0,0,0,17,14,0,4,0,0,0,1,0,0,5,3,0,0,0,0,0,0,0,0,0,0,0,0,0,0,0,0,19,23,1,1,1,0,0,6,1,4,6,0,0,0,7,6,6,6
CGatxtFBB7.txt,0,Annotator_1,codeWrite,S,codeWrite,S,138,1,2,0,0,0,0,0,0,1,0,0,0,3,0,2,1,1,0,0,0,0,0,0,0,0,1,0,1,2,1,4,0,0,1,1,1,0,2,5,3,9,0,0,0,19,5,3,3,0,0,0,0,5,2,0,1,1,1,0,0,0,0,0,0,0,0,0,1,0,0,0,0,19,7,0,0,0,0,2,2,2,2,0,0,0,0,13,4,3,1
CGatxtFBB7.txt,0,Annotator_0,codeWrite,S,codeWrite,S,163,0,1,0,0,0,0,1,1,0,0,0,1,5,1,2,2,0,0,0,0,0,0,0,0,0,1,0,1,5,1,6,0,1,0,1,1,2,3,4,1,7,0,0,0,25,4,1,2,1,1,3,0,2,2,2,1,0,0,0,0,0,0,0,0,0,0,1,1,0,0,0,0,21,7,0,0,0,0,0,1,3,5,1,0,0,0,16,3,8,4
CGatxtFBB7.txt,0,Annotator_2,codeWrite,S,codeWrite,S,177,0,0,0,0,0,0,1,1,0,0,0,0,5,1,3,3,0,0,0,0,0,0,0,0,0,1,0,1,3,1,4,0,1,0,1,1,4,2,8,5,8,0,0,0,24,7,5,2,0,0,2,0,6,5,1,0,1,1,2,1,0,0,0,0,0,0,0,0,0,0,0,0,22,8,0,0,0,1,0,1,4,4,1,0,0,0,11,2,7,5
Cc0mS3ewCT.txt,0,Annotator_1,bugFix,S,bugFix,S,198,1,1,0,0,0,1,0,0,1,1,1,1,1,0,1,1,0,0,0,1,0,0,0,0,0,0,0,1,0,4,0,0,3,0,0,2,4,3,11,13,5,0,0,0,22,20,1,2,2,4,1,0,2,7,4,1,0,1,0,0,0,0,0,0,1,0,0,0,0,0,2,1,18,15,0,0,0,0,1,2,5,5,1,0,0,0,2,7,10,4
Cc0mS3ewCT.txt,0,Annotator_0,bugFix,S,bugFix,S,199,0,3,0,1,0,2,0,1,0,0,0,2,2,0,1,1,0,0,0,1,0,0,0,0,0,0,0,1,6,5,1,0,0,0,0,0,5,4,4,8,7,0,0,0,22,17,1,0,1,3,0,0,4,6,1,1,1,0,1,1,0,0,0,0,1,0,1,1,0,0,1,0,18,10,2,2,0,0,2,0,6,7,0,0,0,0,10,8,12,4
CjFjRKVB8q.txt,0,Annotator_1,codeWrite,S,codeWrite,S,103,0,1,0,0,2,0,0,0,0,0,0,3,0,0,0,0,1,0,0,0,0,0,0,0,0,1,0,1,0,0,2,0,5,3,0,0,1,2,6,5,1,0,1,0,13,8,2,0,5,0,0,0,0,2,0,0,0,0,0,0,0,0,0,0,2,0,1,2,0,0,0,0,12,7,0,0,0,0,1,1,3,0,0,0,0,0,3,0,5,1
CjFjRKVB8q.txt,0,Annotator_0,codeWrite,S,codeWrite,S,118,0,0,0,1,2,0,0,0,0,0,0,3,1,0,0,0,0,0,0,0,0,0,0,0,0,1,0,1,0,1,2,0,7,0,0,0,4,4,4,7,1,0,0,0,17,12,0,0,3,0,1,1,1,5,1,0,0,0,0,0,0,0,0,0,2,2,1,1,0,0,0,0,11,2,1,2,1,0,1,0,3,1,0,0,0,0,0,1,8,1
CjFjRKVB8q.txt,0,Annotator_2,codeWrite,S,codeWrite,S,132,0,0,1,1,0,0,1,0,0,0,0,3,0,0,0,1,0,0,0,0,0,0,0,0,0,1,0,1,1,0,1,0,1,0,0,0,5,5,11,8,1,0,0,0,20,13,0,0,6,0,1,0,4,6,0,0,1,1,1,1,0,0,2,0,2,1,2,1,0,0,0,0,6,2,1,2,0,0,1,0,4,1,0,0,1,0,0,0,9,1
D1a7om29AG.txt,0,Annotator_0,bugFix,F,bugFix,F,168,0,0,0,0,0,0,0,0,0,0,0,3,0,0,1,1,0,0,0,1,0,0,0,0,0,0,0,1,2,1,4,0,6,0,1,1,3,4,8,6,1,0,0,0,24,12,1,0,4,0,0,0,3,4,0,0,0,0,3,1,4,2,0,1,0,0,1,0,0,0,0,0,21,5,1,1,0,0,2,1,10,1,0,0,0,0,9,1,10,2
DRskphqiwF.txt,0,Annotator_1,bugFix,S,bugFix,S,166,0,0,0,1,0,0,0,0,0,0,0,1,0,0,3,2,0,0,0,1,0,0,0,0,0,0,1,0,2,4,3,0,2,0,0,1,2,6,5,8,3,0,0,0,16,15,0,1,0,4,0,0,2,2,2,1,1,2,0,0,0,0,0,0,1,1,1,1,5,4,1,1,13,8,0,0,0,0,3,0,2,3,3,0,1,3,13,7,1,3
DRskphqiwF.txt,0,Annotator_0,bugFix,S,bugFix,S,177,0,0,0,0,1,0,0,0,0,0,0,2,2,0,3,2,0,0,0,1,0,0,0,0,0,0,1,0,2,5,4,0,0,0,1,1,2,6,3,8,4,0,0,0,15,19,0,1,2,3,0,0,2,5,0,0,1,2,0,0,0,0,0,0,1,0,1,0,6,5,0,1,12,8,1,0,0,0,4,0,5,3,1,0,1,1,8,2,12,7
DRskphqiwF.txt,0,Annotator_2,bugFix,S,bugFix,S,191,0,0,0,0,1,0,0,0,0,0,0,1,2,0,3,0,0,0,0,1,0,0,0,0,0,0,0,1,3,3,0,0,0,0,1,3,3,8,9,8,2,0,0,0,17,21,1,1,2,5,1,1,5,3,0,0,1,2,0,0,0,0,0,0,0,0,2,3,5,6,1,1,13,7,0,0,0,0,2,0,7,3,1,0,2,3,6,5,11,4
DV5GSIwytM.txt,0,Annotator_1,codeWrite,F,codeWrite,F,46,1,1,0,0,0,0,1,0,0,0,0,0,0,0,2,5,0,0,0,0,0,0,0,0,0,1,0,1,0,0,0,0,0,0,0,1,1,0,1,3,1,0,0,0,3,4,0,0,1,1,0,0,1,4,1,0,0,0,0,0,0,0,0,0,0,0,1,1,0,0,0,0,1,0,0,0,0,0,0,0,2,2,0,0,0,0,0,0,3,2
DV5GSIwytM.txt,0,Annotator_0,codeWrite,F,bugFix,F,54,1,1,0,0,0,0,1,0,0,0,0,1,0,0,2,5,0,0,0,1,0,0,0,0,0,0,0,1,0,4,0,0,0,0,0,0,1,0,1,2,1,0,0,0,3,6,0,0,1,2,0,0,0,1,0,0,1,1,0,0,0,0,0,0,0,0,1,2,0,0,0,1,1,0,0,1,0,2,0,0,1,0,0,0,0,0,0,5,2,1
DV5GSIwytM.txt,0,Annotator_2,codeWrite,F,codeWrite,F,50,0,0,0,0,0,0,1,0,0,0,0,1,0,0,2,5,0,0,0,0,0,0,0,0,0,1,0,1,0,0,0,0,0,0,0,0,1,0,2,6,0,0,0,0,2,5,1,1,1,1,0,0,1,4,0,0,1,0,0,0,0,0,0,0,0,0,1,3,0,0,0,0,1,0,0,0,0,2,0,0,1,0,1,0,0,0,0,0,2,2
ExyaCTPzwB.txt,0,Annotator_1,bugFix,S,bugFix,S,105,1,0,2,0,0,0,0,0,1,0,0,2,3,0,0,0,1,0,0,1,0,0,0,0,0,0,0,1,1,1,1,0,2,0,0,0,0,1,9,2,1,1,4,0,17,2,1,2,1,0,0,0,0,0,1,0,0,0,0,0,0,0,0,0,0,0,0,0,0,0,3,0,17,7,0,0,1,0,2,1,1,1,0,0,0,0,6,2,5,0
ExyaCTPzwB.txt,0,Annotator_0,bugFix,S,bugFix,S,113,0,0,2,0,0,0,0,0,0,0,2,3,0,0,0,0,0,0,0,1,0,0,0,0,0,0,1,0,4,1,3,0,2,0,0,1,0,2,4,1,1,0,4,0,17,5,1,0,2,0,2,0,1,1,3,1,0,0,0,0,0,0,0,0,0,0,0,1,0,0,3,0,9,3,3,2,1,0,1,2,3,1,0,0,0,0,6,2,9,2
ExyaCTPzwB.txt,0,Annotator_2,bugFix,S,bugFix,S,115,0,0,0,0,0,0,0,0,0,0,0,2,1,0,1,0,0,0,0,1,0,0,0,0,0,0,0,1,1,1,1,0,1,0,0,0,1,2,16,2,1,0,3,0,22,5,1,0,2,1,4,0,2,3,0,0,0,0,0,0,0,0,0,0,0,0,0,0,0,0,4,0,15,4,0,0,1,0,0,1,3,2,0,0,0,0,4,4,2,0
FspyrMTF4O.txt,0,Annotator_1,codeWrite,S,codeWrite,S,105,0,2,0,0,0,0,1,0,0,0,0,2,1,1,0,0,0,0,0,0,0,0,0,0,0,1,1,0,0,0,0,0,2,0,0,0,2,1,4,17,0,0,0,0,5,17,1,0,0,0,0,0,0,1,4,7,0,3,0,0,0,0,0,0,0,1,0,0,0,0,1,1,6,6,2,1,2,0,1,1,2,1,0,0,0,0,3,0,2,2
FspyrMTF4O.txt,0,Annotator_0,codeWrite,S,codeWrite,S,117,1,0,0,0,0,0,0,0,0,0,0,3,2,2,0,0,0,0,0,0,0,0,0,0,0,1,0,1,2,3,0,0,1,0,0,0,2,5,3,11,0,0,0,0,8,19,2,0,0,0,1,1,2,3,2,2,0,4,0,0,0,0,0,0,1,3,1,0,0,0,2,1,3,6,0,2,0,0,1,1,2,2,0,0,0,0,0,2,5,4
FspyrMTF4O.txt,0,Annotator_2,codeWrite,S,codeWrite,S,117,1,0,0,0,0,0,0,0,0,0,0,3,2,2,0,0,0,0,0,0,0,0,0,0,0,1,0,1,2,3,0,0,1,0,0,0,2,5,4,11,0,0,0,0,6,19,3,0,0,0,1,1,2,3,2,2,0,4,0,0,0,0,0,0,1,3,0,0,0,0,2,1,4,6,0,2,0,0,1,1,2,2,0,0,0,0,2,2,3,4
GVkgvHvM5x.txt,0,Annotator_1,codeWrite,S,codeWrite,S,102,0,0,0,0,0,0,0,0,1,0,0,1,0,0,1,1,0,0,0,0,0,0,0,0,0,1,1,0,3,0,2,0,1,0,0,0,0,4,5,5,4,0,0,0,10,9,5,0,0,0,0,0,0,2,4,2,0,0,0,0,0,0,0,0,0,0,0,0,0,0,0,0,14,7,0,0,0,0,2,0,0,2,1,0,0,0,9,2,3,0
GVkgvHvM5x.txt,0,Annotator_0,codeWrite,S,codeWrite,S,103,0,0,0,0,0,0,0,0,1,0,0,1,0,0,1,1,0,0,0,0,0,0,0,0,0,1,0,1,2,0,1,0,1,0,0,0,2,7,0,4,8,0,0,0,11,10,2,1,1,0,1,1,0,2,2,0,0,0,0,0,0,0,0,0,0,0,1,0,0,0,0,0,12,9,0,0,0,0,0,0,2,1,1,0,0,0,12,1,2,0
GVkgvHvM5x.txt,0,Annotator_2,codeWrite,S,codeWrite,S,109,0,0,0,0,0,0,0,0,0,0,0,0,0,0,1,1,0,0,0,0,0,0,0,0,0,1,0,1,1,0,1,0,0,0,1,0,1,3,13,8,1,0,0,0,16,11,2,0,0,0,1,1,1,3,2,0,0,0,0,0,0,0,0,0,0,0,1,0,0,0,0,0,17,8,0,0,0,0,1,0,2,1,1,0,0,0,2,1,5,0
HNzaHs0bxj.txt,0,Annotator_1,bugFix,F,bugFix,F,56,1,0,0,1,1,0,0,0,0,0,0,3,3,1,2,2,0,0,0,1,0,0,0,0,0,0,0,1,0,0,0,0,1,1,0,0,0,0,3,5,2,0,0,0,3,5,2,1,0,1,0,1,1,2,0,0,1,0,0,0,0,0,0,0,0,0,0,0,0,0,0,0,4,2,0,1,0,0,0,1,0,0,0,0,0,0,1,1,1,0
HNzaHs0bxj.txt,0,Annotator_0,bugFix,F,bugFix,F,51,1,0,0,0,1,0,1,0,0,0,0,4,2,0,2,2,0,0,0,1,0,0,0,0,0,0,0,1,0,2,0,0,1,1,0,0,1,0,2,2,0,0,0,0,4,5,0,0,0,2,2,0,1,2,0,0,0,0,0,0,0,0,0,0,0,0,0,0,0,0,0,0,2,2,0,0,0,0,0,1,1,0,0,0,0,0,0,3,1,1
HNzaHs0bxj.txt,0,Annotator_2,bugFix,F,bugFix,F,54,1,0,0,0,0,0,1,0,0,0,0,4,2,1,2,2,0,0,0,1,0,0,0,0,0,0,0,1,0,0,0,0,0,1,0,0,1,0,2,5,0,0,0,0,2,5,1,1,0,1,1,1,1,2,0,0,0,0,0,0,0,0,0,0,0,0,0,0,0,0,0,0,3,3,0,1,0,0,0,1,1,1,1,0,0,0,1,1,1,1
HVtjgujPjm.txt,0,Annotator_1,codeWrite,S,codeComprehension,S,42,0,0,0,0,0,0,0,0,0,0,0,0,0,0,2,1,0,0,0,0,0,1,0,0,0,0,0,1,3,0,1,0,0,0,0,0,0,1,0,2,1,0,0,0,5,3,0,0,0,0,0,0,0,0,1,1,0,0,0,0,0,0,0,0,0,0,2,2,0,0,0,0,4,1,0,0,0,0,2,1,0,0,0,0,0,0,4,1,2,0
HVtjgujPjm.txt,0,Annotator_0,codeWrite,S,codeWrite,S,41,0,0,0,0,0,0,0,0,0,0,0,0,0,0,1,1,0,0,0,0,0,0,0,0,0,1,0,1,3,0,0,0,0,0,0,0,0,3,0,0,2,0,0,0,5,4,0,0,0,0,0,0,0,0,3,2,0,0,0,0,0,0,0,0,0,0,0,1,0,0,0,0,2,0,2,1,0,0,0,1,2,0,0,0,0,0,5,0,1,0
HVtjgujPjm.txt,0,Annotator_2,codeWrite,S,codeWrite,S,41,0,0,0,0,0,0,0,0,0,0,0,0,0,0,2,1,0,0,0,0,0,0,0,0,0,1,0,1,1,0,0,0,0,0,0,0,0,3,2,0,2,0,0,0,5,3,0,0,0,0,0,0,1,1,0,0,0,0,0,0,0,0,0,0,0,0,1,1,0,0,0,0,5,2,0,0,0,0,1,1,1,0,0,0,0,0,3,1,2,0
HVtjgujPjm.txt,1,Annotator_1,codeWrite,S,codeWrite,S,71,0,1,0,0,0,0,0,1,0,0,0,2,1,0,1,1,0,0,0,0,0,0,0,0,0,1,0,1,1,1,2,0,0,0,0,0,0,2,1,2,1,0,0,0,5,5,0,0,0,0,0,0,0,1,0,0,0,0,1,0,0,0,0,0,0,0,0,0,0,0,0,0,12,5,0,0,3,0,0,1,1,0,4,0,0,0,6,1,6,1
HVtjgujPjm.txt,1,Annotator_0,codeWrite,S,codeWrite,S,81,0,1,0,0,0,1,0,0,0,0,0,1,2,0,1,1,0,0,0,0,0,0,0,0,0,1,0,1,0,2,2,0,0,0,0,0,2,3,0,2,2,0,0,0,6,6,0,1,1,1,0,0,1,1,1,0,0,1,1,0,0,0,0,0,0,0,3,0,0,0,0,0,8,4,0,0,2,0,0,0,2,0,5,0,0,0,7,2,6,0
HVtjgujPjm.txt,1,Annotator_2,codeWrite,S,codeWrite,S,77,0,1,0,0,0,0,0,1,0,0,0,2,1,0,1,1,0,0,0,0,0,0,0,0,0,1,0,1,0,1,3,0,0,0,0,0,1,3,1,2,1,0,0,0,6,5,0,1,0,0,0,0,2,1,0,0,0,0,1,1,0,0,0,0,0,0,2,1,0,0,0,0,10,3,0,0,1,0,0,0,3,0,5,0,0,0,5,1,8,0
HVtjgujPjm.txt,2,Annotator_1,codeWrite,F,codeWrite,F,65,0,0,0,0,0,0,0,0,1,0,0,0,1,1,1,1,0,0,0,0,0,0,0,0,1,0,0,1,0,0,0,0,0,0,0,0,0,3,3,5,1,0,0,0,4,8,0,0,0,0,0,0,0,0,1,3,0,0,0,0,0,0,0,0,0,0,0,0,0,0,2,2,6,5,0,0,1,1,3,0,1,1,0,0,0,0,5,0,1,2
HVtjgujPjm.txt,2,Annotator_0,codeWrite,F,codeWrite,F,72,0,0,0,0,0,0,0,0,1,0,0,1,1,1,1,1,0,0,0,0,0,0,0,0,1,0,0,1,0,3,0,0,0,0,0,1,2,3,2,1,1,0,0,0,5,8,0,0,0,0,0,0,0,0,2,3,0,0,0,0,0,0,0,0,0,0,5,5,0,0,2,1,1,1,0,0,0,1,3,0,2,1,0,0,0,0,5,3,1,2
HVtjgujPjm.txt,2,Annotator_2,codeWrite,F,codeWrite,F,62,0,0,0,0,0,0,0,0,1,0,0,0,2,1,1,0,0,0,0,0,0,0,0,0,0,1,0,1,0,1,0,0,0,0,0,0,2,2,1,5,1,0,0,0,4,7,0,1,0,0,0,0,6,6,0,1,1,1,0,0,0,0,0,0,0,0,0,0,0,0,0,1,1,1,0,0,0,1,1,0,3,1,0,0,0,0,3,1,1,2
I9VVNFEMbn.txt,0,Annotator_1,codeWrite,S,codeWrite,S,71,0,0,1,0,0,0,0,0,1,0,0,0,0,0,1,1,0,0,0,0,0,0,0,0,0,1,0,1,2,0,3,0,0,0,0,0,0,3,5,2,0,0,0,0,10,5,0,0,0,0,0,0,0,0,1,1,0,0,0,0,0,0,0,0,0,0,0,0,0,0,4,1,7,6,0,0,0,0,0,0,2,3,0,0,0,0,5,1,2,2
I9VVNFEMbn.txt,0,Annotator_0,codeWrite,S,codeWrite,S,76,0,0,0,0,0,0,0,0,0,0,0,0,0,0,2,1,0,0,0,0,0,0,0,0,0,1,0,1,4,0,5,0,0,0,0,0,0,5,0,0,2,0,0,0,11,5,0,0,5,2,0,0,1,0,1,1,0,0,0,0,0,0,0,0,0,0,1,0,0,0,2,2,2,3,0,0,0,0,0,0,1,3,0,0,0,0,7,1,5,2
I9VVNFEMbn.txt,0,Annotator_2,codeWrite,S,codeWrite,S,84,0,0,0,0,0,0,0,0,0,0,0,0,0,0,2,1,0,0,0,0,0,0,0,0,0,1,0,1,2,0,2,0,0,0,1,0,0,3,10,3,0,0,0,0,15,6,0,0,1,0,0,0,1,0,2,1,0,0,0,0,0,0,0,0,1,0,3,3,0,0,2,2,6,3,0,0,0,0,0,1,1,2,0,0,0,0,2,0,3,3
IcTPznP9pK.txt,0,Annotator_1,bugFix,F,bugFix,F,77,0,0,0,0,0,0,0,0,0,0,0,0,0,0,2,1,1,0,0,1,0,0,0,0,0,0,1,0,1,2,0,0,0,0,0,0,0,2,5,3,1,0,1,0,6,7,2,0,1,0,0,0,0,0,0,0,0,0,0,0,0,0,0,0,1,0,13,7,0,0,0,0,0,0,0,0,0,0,1,0,5,0,1,0,0,0,3,2,7,0
IcTPznP9pK.txt,0,Annotator_0,bugFix,F,bugFix,F,56,1,0,0,0,0,0,0,1,0,0,0,0,1,0,1,0,1,0,0,1,0,0,0,0,0,0,1,0,2,2,0,0,1,0,0,0,0,1,2,0,0,0,0,0,5,3,0,0,2,1,0,0,0,0,0,0,0,0,0,0,0,0,0,0,1,0,7,2,0,0,0,0,2,0,0,0,0,0,1,0,6,0,0,0,0,0,1,2,8,0
IcTPznP9pK.txt,0,Annotator_2,bugFix,F,bugFix,F,71,0,0,0,0,0,0,0,1,0,0,0,0,1,0,2,1,0,0,0,1,0,0,0,0,0,0,0,1,1,0,0,0,1,0,0,0,0,1,6,4,1,0,0,0,9,4,0,1,3,1,1,0,1,2,0,0,0,0,1,0,1,0,0,0,1,0,4,2,0,0,0,0,4,0,0,0,0,0,1,0,6,0,0,0,0,0,2,0,6,0
KDeDif5VK2.txt,0,Annotator_1,bugFix,S,bugFix,S,146,0,1,0,1,0,0,1,0,2,0,0,2,0,0,2,6,0,0,0,1,0,0,0,0,0,0,0,1,2,0,4,0,0,1,0,0,0,1,12,12,3,0,0,0,17,11,4,3,2,3,0,0,2,6,0,0,0,0,0,0,1,0,0,4,0,0,0,0,0,0,3,0,16,3,0,0,0,0,1,0,2,2,0,0,0,0,5,0,7,2
KDeDif5VK2.txt,0,Annotator_0,bugFix,S,bugFix,S,141,0,0,0,0,0,0,2,0,1,0,0,1,3,1,2,6,0,0,0,1,0,0,0,0,0,0,0,1,6,1,1,0,0,1,0,0,4,3,3,9,4,0,0,0,16,14,3,0,4,0,0,0,3,6,0,0,0,0,0,0,1,0,1,6,0,0,0,0,0,0,1,0,11,4,0,0,0,0,1,0,2,2,0,0,0,0,8,0,5,3
KDeDif5VK2.txt,0,Annotator_2,bugFix,S,bugFix,S,119,0,1,0,0,0,0,2,0,0,0,0,0,0,1,2,5,0,0,0,1,0,0,0,0,0,0,0,1,1,0,0,0,0,0,0,0,2,1,13,11,0,1,0,0,14,13,1,0,5,2,0,1,2,5,0,0,0,0,0,0,1,0,0,4,0,0,3,0,0,0,0,0,9,3,0,0,0,0,0,0,4,2,0,0,0,0,1,0,4,3
KdpIdnyC1e.txt,0,Annotator_1,codeWrite,F,codeWrite,F,177,1,1,0,0,0,0,0,0,1,0,0,3,1,0,3,2,0,0,0,0,0,0,0,0,0,1,0,1,3,0,1,0,3,0,0,2,2,3,7,13,3,0,0,0,18,16,1,2,0,0,0,0,4,9,3,2,1,2,0,0,0,0,0,0,0,0,0,0,0,0,0,0,19,12,0,0,1,0,2,3,3,4,2,0,0,0,12,6,3,1
KdpIdnyC1e.txt,0,Annotator_0,codeWrite,F,codeWrite,F,180,1,0,0,1,0,0,1,0,0,0,0,1,2,0,4,3,0,0,0,0,0,0,0,0,0,1,0,1,2,3,5,0,2,0,0,1,3,3,3,12,2,0,0,0,17,16,0,2,0,0,0,0,4,10,3,0,1,5,1,0,0,0,0,0,0,0,0,0,0,0,0,0,13,10,3,1,0,0,2,2,6,5,0,0,0,0,15,6,3,4
KdpIdnyC1e.txt,0,Annotator_2,codeWrite,F,codeWrite,F,167,1,0,0,0,0,0,0,0,1,0,0,2,1,0,3,2,0,0,0,0,0,0,0,0,0,1,0,1,2,2,0,0,2,0,0,0,2,2,10,14,2,0,0,0,18,18,0,0,0,0,0,0,8,11,2,2,1,3,0,0,0,0,0,0,0,0,1,1,0,0,0,0,13,8,0,0,0,0,1,2,6,5,0,0,0,0,4,1,6,8
KrgaUnySs9.txt,0,Annotator_1,codeWrite,F,codeWrite,F,207,2,1,0,0,0,0,0,0,0,0,1,0,1,0,0,3,0,0,0,0,0,0,0,0,0,1,1,0,5,3,3,0,0,0,0,0,2,1,18,11,3,0,0,0,24,15,6,0,7,8,0,0,4,1,1,1,1,0,2,0,0,0,0,0,0,0,1,1,0,0,2,0,20,7,3,2,0,0,5,2,6,3,0,0,0,0,15,5,6,3
KrgaUnySs9.txt,0,Annotator_0,codeWrite,F,codeWrite,F,217,1,0,1,1,0,0,1,0,1,0,1,0,0,0,0,4,0,0,0,0,0,0,0,0,0,1,0,1,8,4,0,0,2,0,1,0,8,1,9,7,3,0,0,0,31,12,1,0,12,2,0,0,7,6,0,0,1,0,1,1,0,0,0,0,0,0,0,1,0,0,2,0,17,5,7,2,0,0,5,1,10,4,1,0,0,0,11,3,15,4
KrgaUnySs9.txt,0,Annotator_2,codeWrite,F,codeWrite,F,234,1,0,0,0,0,0,1,0,0,0,1,0,2,1,0,3,0,0,0,0,0,0,0,0,0,1,0,1,9,1,0,0,0,0,0,0,6,1,19,11,3,1,0,0,32,13,5,1,3,3,0,0,6,4,1,1,1,0,2,0,0,0,0,0,0,0,0,0,0,0,1,0,25,8,12,3,0,0,2,1,12,4,0,0,0,0,15,5,10,2
LQtcp09Poj.txt,0,Annotator_1,bugFix,S,bugFix,S,147,0,0,0,0,0,0,0,0,0,0,1,1,1,0,2,2,0,0,0,1,0,0,0,0,0,0,0,1,0,3,0,0,5,0,0,1,0,4,15,5,0,0,1,0,16,13,5,1,0,1,1,0,3,7,0,0,1,0,0,0,1,0,0,0,1,0,2,1,0,0,3,0,19,5,0,0,0,0,5,0,5,0,0,0,0,0,6,4,4,0
LQtcp09Poj.txt,0,Annotator_0,bugFix,S,bugFix,S,154,0,0,0,0,0,0,1,0,0,0,1,0,2,0,3,2,0,0,0,1,0,0,0,0,0,0,0,1,3,7,0,0,6,0,0,0,5,3,7,4,1,0,0,0,21,11,1,1,1,3,2,0,8,7,0,0,1,0,1,0,0,0,0,0,1,0,0,0,0,0,2,0,14,2,1,1,0,0,2,0,6,0,1,0,0,0,3,4,10,3
LQtcp09Poj.txt,0,Annotator_2,bugFix,S,bugFix,S,155,0,0,0,1,0,0,1,0,0,0,1,0,1,0,3,2,0,0,0,1,0,0,0,0,0,0,0,1,2,1,0,0,2,0,0,0,3,2,15,10,3,0,0,0,19,12,6,1,3,3,0,0,8,7,0,0,1,0,0,0,0,0,2,0,1,0,0,0,0,0,2,0,16,2,0,1,0,0,3,0,5,0,0,0,0,0,4,1,9,0
MHQbpUGMPt.txt,0,Annotator_1,bugFix,F,bugFix,F,72,0,0,0,1,0,0,0,0,0,0,0,1,0,0,1,0,0,0,0,1,0,0,0,0,0,0,0,1,0,1,2,0,0,0,0,0,0,2,5,4,0,1,0,0,7,8,0,0,1,0,0,0,1,0,0,0,0,0,3,3,0,0,0,0,0,1,0,0,0,0,0,2,4,3,2,1,0,0,2,0,2,2,0,0,0,0,3,2,3,2
MHQbpUGMPt.txt,0,Annotator_0,bugFix,F,bugFix,F,73,0,0,0,1,0,0,0,0,0,0,0,0,0,0,1,0,0,0,0,1,0,0,0,0,0,0,0,1,1,1,1,0,0,0,0,0,0,3,4,3,2,1,0,0,8,8,0,0,1,0,0,0,3,3,0,0,0,0,1,0,0,0,0,0,0,0,2,4,0,0,0,0,3,2,1,1,0,0,1,0,2,2,0,0,0,0,1,1,6,3
MHQbpUGMPt.txt,0,Annotator_2,bugFix,F,bugFix,F,75,0,0,0,1,0,0,0,0,0,0,0,0,0,0,1,0,0,0,0,1,0,0,0,0,0,0,0,1,1,1,1,0,0,0,0,0,0,3,5,3,2,1,0,0,8,8,0,0,1,0,0,0,3,3,0,0,0,0,1,0,0,0,0,0,0,0,2,4,0,0,0,0,4,2,1,1,0,0,1,0,2,2,0,0,0,0,1,1,6,3
NS0NgeyjzM.txt,0,Annotator_1,bugFix,F,bugFix,F,111,1,1,23,1,0,0,0,1,0,0,0,1,0,0,1,1,0,0,0,1,0,0,0,0,0,0,0,1,0,0,0,0,0,0,0,1,2,0,5,10,1,0,0,0,8,9,0,2,0,0,0,0,4,1,1,2,1,3,0,0,0,0,0,0,0,0,1,0,0,2,0,1,5,5,0,0,0,0,0,2,4,1,0,0,0,0,1,0,4,3
NS0NgeyjzM.txt,0,Annotator_0,bugFix,F,bugFix,F,88,1,1,9,2,0,0,0,0,0,0,0,1,0,0,1,1,0,0,0,1,0,0,0,0,0,0,0,1,0,1,0,0,1,0,0,0,2,0,4,5,0,0,0,0,6,5,1,1,1,2,1,0,6,5,0,0,1,0,0,0,0,0,0,0,0,0,0,0,3,0,0,1,2,1,0,0,0,1,0,0,3,2,1,0,3,0,0,1,7,3
NS0NgeyjzM.txt,0,Annotator_2,bugFix,F,bugFix,F,89,1,1,9,3,0,0,0,0,0,0,0,1,0,0,1,1,0,0,0,1,0,0,0,0,0,0,0,1,0,1,0,0,1,0,0,0,2,0,4,5,0,0,0,0,6,5,1,1,1,2,1,0,6,5,0,0,1,0,0,0,0,0,0,0,0,0,0,0,3,0,0,1,2,1,0,0,0,1,0,0,3,2,1,0,3,0,0,1,7,3
OwGP2V9HqO.txt,0,Annotator_1,codeWrite,F,codeWrite,F,130,0,0,0,0,0,0,0,1,0,0,0,0,1,0,0,0,0,0,0,0,0,0,0,0,0,1,0,1,0,0,0,0,1,0,0,1,1,2,9,8,4,0,0,0,13,10,1,1,0,0,0,0,5,5,3,1,0,0,0,0,0,0,0,0,1,0,4,4,0,0,2,0,13,3,0,0,2,0,3,1,8,1,0,0,0,0,4,0,13,2
OwGP2V9HqO.txt,0,Annotator_0,codeWrite,F,codeWrite,F,124,0,0,0,0,0,0,1,1,0,0,0,0,0,0,0,0,0,0,0,0,0,0,0,0,0,1,1,0,0,3,0,0,3,0,0,1,4,3,1,3,3,0,0,0,11,9,0,1,0,0,1,0,9,8,2,1,1,0,0,0,0,0,0,0,1,0,1,1,0,0,2,0,9,2,0,0,3,0,5,0,7,2,0,0,0,0,3,0,15,5
OwGP2V9HqO.txt,0,Annotator_2,codeWrite,F,codeWrite,F,119,0,0,0,0,0,0,1,1,0,0,0,0,1,0,0,0,0,0,0,0,0,0,0,0,0,1,0,1,1,1,0,0,0,0,0,0,2,2,9,7,1,0,0,0,12,9,1,1,0,0,1,0,8,6,2,1,0,0,5,2,0,0,0,0,0,0,3,2,0,0,1,0,5,1,0,0,0,0,2,1,8,1,2,0,0,0,5,0,9,3
P0bldfytH1.txt,0,Annotator_1,bugFix,S,bugFix,S,115,0,2,0,0,0,0,0,1,1,0,0,1,0,0,1,1,0,0,0,1,0,0,0,0,0,0,0,1,2,0,1,0,2,0,1,0,0,3,6,7,0,0,0,0,12,9,0,1,1,1,1,0,2,3,1,0,0,0,0,0,0,0,0,0,0,0,3,1,0,0,0,0,12,10,0,0,1,0,0,3,5,2,1,0,0,0,5,1,5,4
P0bldfytH1.txt,0,Annotator_0,bugFix,S,codeWrite,S,105,0,2,0,0,0,0,0,1,1,0,0,1,0,0,2,1,0,0,0,0,0,0,0,0,0,1,0,1,4,2,2,0,4,0,0,0,1,4,2,4,0,0,0,0,13,9,0,1,5,4,0,0,1,4,0,0,0,0,0,0,0,0,0,0,0,0,0,0,0,0,0,0,8,4,2,1,0,0,0,1,3,2,0,0,0,0,5,2,4,3
P0bldfytH1.txt,0,Annotator_2,bugFix,S,bugFix,S,125,0,0,0,0,0,0,0,1,0,0,0,1,0,0,1,1,0,0,0,1,0,0,0,0,0,0,0,1,3,0,0,0,3,0,1,0,1,4,9,8,0,0,0,0,17,12,0,0,6,4,1,0,2,3,0,0,0,0,0,0,0,0,0,0,0,0,1,0,1,1,0,0,11,9,0,0,0,0,0,1,5,3,0,0,0,1,3,2,4,3
P0bldfytH1.txt,1,Annotator_1,codeComprehension,F,codeComprehension,F,18,0,0,1,0,0,0,0,0,0,0,0,0,2,0,0,0,1,0,0,0,0,1,0,0,0,0,0,1,0,0,0,0,0,0,0,0,0,0,3,1,0,0,0,0,2,1,1,0,2,0,1,0,0,0,0,0,0,0,0,0,0,0,0,0,0,0,0,0,0,0,0,0,0,1,0,0,0,0,0,0,0,0,0,0,0,0,0,0,0,0
P0bldfytH1.txt,1,Annotator_0,codeComprehension,F,codeComprehension,S,21,1,0,0,0,0,0,0,0,0,0,1,2,2,0,0,0,2,0,0,0,0,1,0,0,0,0,0,1,0,0,0,0,0,0,0,0,0,0,0,0,2,0,0,0,2,0,0,0,0,1,0,0,0,0,0,0,0,0,2,0,0,0,0,0,0,0,0,0,0,0,0,0,0,0,0,0,0,0,0,0,0,1,0,0,0,0,0,0,2,1
P0bldfytH1.txt,1,Annotator_2,codeComprehension,F,codeComprehension,F,27,0,0,0,0,0,0,0,0,0,0,0,1,1,0,0,0,0,0,0,0,0,1,0,0,0,0,0,1,0,0,0,0,0,0,0,0,0,0,4,1,2,0,0,0,5,1,1,0,3,1,0,0,0,0,0,0,0,0,1,0,0,0,0,0,0,0,1,0,0,0,0,0,1,0,0,0,0,0,0,0,0,0,0,0,0,0,0,0,2,0
PttugHGtsT.txt,0,Annotator_0,codeWrite,F,codeWrite,F,69,0,0,0,0,0,0,0,0,0,0,0,0,2,0,2,5,0,0,0,0,0,0,0,0,0,2,0,1,1,0,0,0,0,0,0,0,2,2,0,6,1,2,0,0,4,10,0,0,1,1,0,0,1,4,0,0,0,0,2,3,0,0,0,0,0,0,0,1,0,0,0,1,1,3,0,0,0,0,0,0,0,3,1,0,0,0,1,0,2,4
PttugHGtsT.txt,0,Annotator_2,codeWrite,F,codeWrite,S,52,0,0,0,0,0,0,0,0,0,1,0,0,0,0,2,3,0,0,0,0,0,0,0,0,0,1,0,1,0,0,1,0,0,1,0,0,1,1,2,5,1,0,0,0,5,7,0,0,0,0,0,0,1,3,0,0,0,0,0,0,0,0,0,0,0,0,2,2,0,0,0,0,3,3,0,0,0,0,0,0,0,1,1,0,0,0,0,0,3,1
PttugHGtsT.txt,1,Annotator_2,codeWrite,F,codeWrite,F,14,0,0,0,0,0,0,0,0,0,0,0,0,0,0,0,3,0,0,0,0,0,0,0,0,0,1,0,1,0,0,0,0,0,0,0,0,0,0,0,3,0,0,0,0,0,3,0,0,0,0,0,0,0,1,0,0,0,0,0,0,0,0,0,0,0,0,0,0,0,0,0,0,0,2,0,0,0,0,0,0,0,0,0,0,0,0,0,0,0,0
Py0LDeq9Fn.txt,0,Annotator_0,bugFix,F,bugFix,F,99,0,1,0,0,0,0,1,0,0,0,0,0,1,0,2,2,0,0,0,1,0,0,0,0,0,0,1,0,4,3,1,0,1,0,0,1,3,3,1,4,1,0,0,0,10,11,1,0,6,8,0,0,0,0,0,0,1,0,1,0,0,0,0,0,0,0,4,2,0,0,0,1,2,2,0,0,0,0,1,1,2,1,0,0,0,0,4,2,5,3
Py0LDeq9Fn.txt,0,Annotator_2,bugFix,F,bugFix,F,85,0,0,0,0,0,0,0,0,0,0,0,0,1,0,2,3,0,0,0,1,0,0,0,0,0,0,1,0,1,0,0,0,0,0,0,1,0,2,5,9,1,0,0,0,6,12,1,0,3,8,0,0,0,0,0,0,0,0,1,0,0,1,0,0,0,0,3,2,0,0,2,2,2,1,0,0,0,0,1,1,3,1,0,0,0,0,2,0,4,2
QBqEkkfh0N.txt,0,Annotator_0,bugFix,S,bugFix,S,36,0,0,0,0,0,0,0,0,0,0,0,1,0,0,0,0,0,0,0,1,0,0,0,0,0,0,0,1,2,0,0,0,0,0,0,0,0,3,0,0,0,0,1,0,3,3,0,0,5,4,0,0,0,0,0,0,0,0,0,0,0,0,0,0,0,0,0,0,0,0,0,0,1,0,0,0,2,0,0,0,1,1,0,0,0,0,3,0,3,1
QBqEkkfh0N.txt,0,Annotator_2,bugFix,S,bugFix,S,36,0,0,0,0,0,0,0,0,0,0,0,1,0,0,0,0,0,0,0,1,0,0,0,0,0,0,0,1,2,0,0,0,0,0,0,0,0,3,0,0,0,0,1,0,3,3,0,0,5,4,0,0,0,0,0,0,0,0,0,0,0,0,0,0,0,0,0,0,0,0,0,0,1,0,0,0,2,0,0,0,1,1,0,0,0,0,3,0,3,1
QqCKExBKmp.txt,0,Annotator_1,codeComprehension,S,codeComprehension,S,99,0,0,0,1,0,0,0,0,0,0,0,2,5,0,0,0,1,0,0,0,0,1,0,0,0,0,0,1,0,1,1,0,1,0,0,1,1,4,4,4,2,0,1,0,8,7,1,3,0,0,0,0,3,1,2,1,1,1,1,0,0,0,0,0,0,0,3,6,3,2,0,0,3,1,0,0,2,0,0,1,4,1,0,0,0,0,4,2,6,1
QqCKExBKmp.txt,0,Annotator_0,codeComprehension,S,codeComprehension,S,119,0,0,0,0,0,0,0,0,0,0,1,3,4,0,0,0,0,0,0,0,0,1,0,0,0,0,0,1,1,1,0,0,0,0,0,1,2,7,8,5,2,0,0,0,13,12,0,2,0,0,1,0,1,0,1,1,0,0,3,0,0,0,0,0,0,0,5,8,7,7,1,0,0,0,0,0,2,0,1,1,2,0,0,0,1,1,4,2,5,1
QqCKExBKmp.txt,0,Annotator_2,codeComprehension,S,codeComprehension,S,108,0,0,0,0,0,0,0,0,0,0,0,4,5,0,0,0,0,0,0,0,0,1,0,0,0,0,0,1,1,1,0,0,0,0,0,1,3,4,7,5,2,0,0,0,13,9,0,2,0,0,1,0,1,0,0,0,1,1,3,0,0,0,0,0,0,0,5,6,6,5,1,0,0,1,0,0,2,0,1,1,1,0,0,0,1,1,1,2,7,1
Qvina6Aln9.txt,0,Annotator_0,codeWrite,F,codeWrite,F,57,0,0,0,0,0,0,0,0,0,0,0,2,0,0,1,4,0,0,0,0,0,0,0,0,0,1,0,1,0,0,1,0,0,0,1,0,1,1,1,2,2,1,0,0,6,4,0,0,0,0,0,0,4,1,0,1,0,0,0,0,0,0,0,0,0,0,0,0,0,0,0,1,5,3,0,0,0,0,0,0,3,2,0,0,0,0,1,0,4,3
Qvina6Aln9.txt,0,Annotator_2,codeWrite,F,codeWrite,S,59,0,0,0,1,0,0,0,0,0,0,0,2,0,0,1,3,0,0,0,0,0,0,0,0,0,1,0,1,1,0,0,0,0,0,1,0,1,1,4,3,1,0,0,0,8,3,0,1,0,0,0,0,1,1,0,0,0,0,0,0,0,0,0,0,0,0,2,0,0,0,0,1,6,3,1,1,0,0,0,0,2,2,0,0,0,0,2,0,2,2
R7ghrADaMf.txt,0,Annotator_0,bugFix,S,bugFix,S,68,0,0,0,0,0,0,0,0,0,0,0,1,0,0,2,2,0,0,0,1,0,0,0,0,0,0,0,1,1,0,0,0,1,0,0,0,0,5,4,4,0,0,0,0,6,9,0,0,1,0,0,0,0,2,0,0,0,0,1,1,0,0,1,0,0,0,1,1,0,0,0,0,5,3,2,2,2,0,0,0,3,0,0,0,0,0,1,0,5,0
R7ghrADaMf.txt,0,Annotator_2,bugFix,S,bugFix,S,64,0,0,0,0,0,0,0,0,0,0,0,1,0,0,2,1,0,0,0,1,0,0,0,0,0,0,0,1,1,0,0,0,1,0,0,0,0,4,4,4,0,0,0,0,6,8,0,0,1,0,0,0,0,2,0,0,0,0,1,1,0,0,1,0,0,0,1,1,0,0,0,0,5,2,2,2,2,0,0,0,3,0,0,0,0,0,1,0,5,0
Rsmx9wV262.txt,0,Annotator_1,codeWrite,S,codeWrite,S,140,0,0,0,0,0,0,1,1,1,1,0,0,4,0,0,0,0,0,0,0,0,0,0,0,0,1,0,1,1,1,5,0,1,0,0,0,0,4,6,14,0,0,0,0,14,18,0,1,0,0,2,0,4,10,0,0,0,0,0,0,0,0,0,0,0,0,2,1,0,0,0,0,12,7,1,2,2,0,4,1,1,0,1,0,0,0,9,2,4,0
Rsmx9wV262.txt,0,Annotator_0,codeWrite,S,codeWrite,S,166,0,0,0,0,0,0,1,0,1,1,1,1,2,0,1,0,0,0,0,0,0,0,0,0,0,1,0,1,4,7,2,0,1,0,0,1,1,8,6,7,3,0,0,0,17,17,0,2,0,1,2,0,6,13,2,0,1,0,0,0,0,0,0,0,0,0,0,0,0,0,0,0,8,2,7,5,2,0,4,0,2,0,1,0,0,0,10,6,7,1
Rsmx9wV262.txt,0,Annotator_2,codeWrite,S,codeWrite,S,164,0,0,0,0,0,0,1,1,0,0,0,1,2,0,0,0,0,0,0,0,0,0,0,0,0,1,0,1,1,1,0,0,0,0,0,0,1,5,17,16,2,0,1,0,21,22,1,0,0,0,3,0,5,10,4,1,1,0,0,0,0,0,0,0,0,0,1,1,0,0,0,0,11,5,3,6,2,0,2,0,1,1,1,0,0,0,4,1,5,1
SfUOswpMVT.txt,0,Annotator_0,bugFix,F,bugFix,F,60,0,2,0,0,0,0,0,0,0,0,0,0,0,0,1,5,0,0,0,1,0,0,0,0,0,0,0,1,0,0,3,0,0,0,0,2,1,1,0,4,2,0,0,0,6,7,0,0,0,0,0,1,1,2,0,0,0,0,0,0,0,0,0,0,0,0,0,0,0,0,0,1,6,4,0,0,0,0,0,0,1,1,0,0,0,0,4,0,2,1
SfUOswpMVT.txt,0,Annotator_2,bugFix,F,bugFix,F,54,0,1,0,1,0,0,0,0,0,0,0,0,0,0,1,5,0,0,0,1,0,0,0,0,0,0,0,1,0,0,0,0,0,0,0,2,1,0,2,6,2,0,0,0,3,8,2,0,0,0,0,1,1,3,0,0,0,0,1,1,0,0,0,0,0,0,0,1,0,0,0,0,4,2,0,0,0,0,0,0,0,0,1,0,0,0,2,0,1,0
SnHdzR6C2E.txt,0,Annotator_0,bugFix,S,bugFix,S,219,0,0,0,0,0,2,0,0,0,0,0,1,3,2,1,1,0,0,0,1,0,0,0,0,0,0,0,1,2,3,2,0,2,0,0,3,1,6,10,11,2,0,0,0,19,23,0,0,0,0,2,0,5,9,1,0,4,1,1,0,0,0,0,0,1,0,4,1,11,8,0,0,10,4,2,2,2,0,6,0,9,1,1,0,4,1,18,3,10,2
SnHdzR6C2E.txt,0,Annotator_2,bugFix,S,bugFix,S,213,0,0,0,0,0,2,0,0,0,0,0,1,1,2,1,1,0,0,0,1,0,0,0,0,0,0,0,1,1,3,2,0,2,0,0,2,1,4,11,14,2,0,0,0,19,23,0,0,0,0,1,0,5,9,1,0,4,2,1,0,0,0,0,0,1,0,4,1,11,8,0,0,10,3,2,2,2,0,5,0,7,1,1,0,6,1,10,3,16,2
Tw8SjgKHkE.txt,0,Annotator_0,codeWrite,S,codeWrite,S,123,0,2,0,0,0,0,0,0,0,0,0,0,1,0,2,3,0,0,0,0,0,0,0,0,0,1,0,1,8,0,4,0,0,0,0,0,0,2,4,3,2,0,0,0,18,5,0,0,3,2,0,0,1,2,1,0,0,1,1,0,1,0,0,0,0,0,0,0,0,0,0,0,14,7,0,0,0,0,0,4,3,3,0,0,0,0,11,4,6,3
Tw8SjgKHkE.txt,0,Annotator_2,codeWrite,S,codeWrite,S,129,0,1,0,0,0,0,0,0,0,0,0,1,1,0,2,3,0,0,0,0,0,0,0,0,0,1,0,1,8,0,4,0,0,0,0,0,1,2,5,3,2,0,0,0,18,5,1,0,3,3,0,0,2,2,1,0,0,1,0,0,1,0,0,0,0,0,0,0,0,0,0,0,15,7,0,0,0,0,0,4,3,4,0,0,0,0,10,3,6,5
UaMcw4PLym.txt,0,Annotator_1,codeWrite,F,codeWrite,F,84,0,4,0,0,0,0,0,0,0,0,0,1,0,0,3,2,0,0,0,0,0,0,0,0,0,1,0,1,0,1,1,0,1,1,0,0,2,1,4,5,2,1,0,0,8,5,2,3,0,2,0,0,0,3,0,1,1,0,0,0,0,0,0,0,0,0,0,0,0,0,1,1,12,1,0,0,0,0,1,0,2,0,1,0,0,0,0,0,7,2
UaMcw4PLym.txt,0,Annotator_0,codeWrite,F,codeWrite,F,99,1,1,0,1,0,0,0,0,0,0,0,2,0,0,4,2,0,0,0,0,0,0,0,0,0,1,0,1,1,1,3,0,2,0,0,0,1,1,4,6,2,0,0,0,11,7,1,1,1,1,2,0,2,3,0,1,1,0,2,1,0,0,0,0,0,0,1,0,0,0,1,1,9,1,0,0,1,0,1,0,3,0,1,0,0,0,1,0,10,1
UaMcw4PLym.txt,0,Annotator_2,codeWrite,F,codeWrite,S,99,1,1,0,1,0,0,0,0,0,0,0,2,0,0,4,2,0,0,0,0,0,0,0,0,0,1,0,1,1,1,3,0,2,0,0,0,1,0,4,7,2,0,0,0,11,5,2,3,1,1,2,0,2,3,0,1,1,0,2,1,0,0,0,0,0,0,1,1,0,0,1,0,9,1,0,0,1,0,1,0,3,0,1,0,0,0,0,0,10,1
VUhFKwTpRT.txt,0,Annotator_1,codeWrite,F,codeWrite,F,125,2,0,0,0,0,0,0,0,0,0,0,0,0,0,1,2,0,0,0,0,0,0,0,0,0,1,0,1,0,2,0,0,0,0,2,0,3,2,4,9,0,2,0,0,9,15,0,0,0,0,0,0,5,5,1,1,2,2,0,0,0,0,0,0,0,0,5,14,0,0,0,2,0,1,0,0,0,1,3,3,1,6,0,0,0,0,1,5,3,9
VUhFKwTpRT.txt,0,Annotator_0,codeWrite,F,codeWrite,F,112,3,0,0,0,0,0,0,0,0,0,0,0,0,0,1,2,0,0,0,0,0,0,0,0,0,1,0,1,0,7,3,0,0,0,2,0,4,2,1,2,0,0,0,0,10,12,0,0,0,0,0,0,5,8,3,3,0,0,0,0,0,0,0,0,0,0,3,7,1,1,0,0,0,0,0,0,0,4,1,0,1,4,0,0,0,1,0,5,3,11
VUhFKwTpRT.txt,0,Annotator_2,codeWrite,F,codeWrite,F,123,0,0,0,0,0,0,0,0,0,0,0,0,0,0,1,2,0,0,0,0,0,0,0,0,0,1,0,1,0,4,0,0,0,0,4,0,3,2,2,9,3,0,0,0,12,15,0,0,0,0,0,0,11,16,0,0,2,2,0,0,0,0,0,0,0,0,1,3,0,0,0,0,1,1,0,0,0,3,1,0,2,4,0,0,0,0,1,5,5,6
aQ1EhH8Ckb.txt,0,Annotator_0,bugFix,S,bugFix,S,58,0,0,0,0,0,0,0,0,0,0,0,1,0,1,3,2,0,0,0,1,0,0,0,0,0,0,0,1,0,4,0,0,2,0,1,0,2,2,0,1,0,0,0,0,5,7,0,0,0,2,0,0,4,6,0,0,0,0,0,0,0,0,0,0,0,0,0,0,0,0,0,0,2,0,1,0,0,0,2,0,0,1,0,0,0,0,1,3,1,2
aQ1EhH8Ckb.txt,1,Annotator_0,codeComprehension,F,codeComprehension,F,7,0,0,0,0,0,1,0,0,0,0,0,0,1,0,0,0,0,0,0,0,0,1,0,0,0,0,0,1,0,0,0,0,0,0,0,0,0,0,1,0,0,0,0,0,1,0,0,0,0,0,1,0,0,0,0,0,0,0,0,0,0,0,0,0,0,0,0,0,0,0,0,0,0,0,0,0,0,0,0,0,0,0,0,0,0,0,0,0,0,0
an4Ezv2tyQ.txt,0,Annotator_0,codeWrite,F,codeWrite,F,76,0,1,0,0,0,0,0,0,0,0,0,0,0,0,0,0,0,0,0,0,0,0,0,0,0,1,0,1,0,2,1,0,0,0,0,1,1,3,2,2,1,0,0,0,5,8,0,0,1,0,1,0,3,4,0,0,0,0,0,0,0,0,0,0,0,0,5,4,0,0,0,0,4,1,0,0,0,0,2,0,7,1,0,0,0,0,4,2,7,1
bUsO4vo2zB.txt,0,Annotator_1,codeWrite,S,codeWrite,S,220,1,0,0,0,0,0,0,0,1,0,0,2,3,0,1,0,0,0,0,0,0,0,0,0,0,1,0,1,0,2,2,0,4,2,2,0,5,8,11,13,1,0,0,0,25,21,0,4,0,0,3,1,12,12,0,0,0,0,0,1,1,0,0,0,0,0,0,0,2,1,1,2,19,13,0,0,2,0,4,3,6,2,1,0,0,0,3,6,13,2
bUsO4vo2zB.txt,0,Annotator_0,codeWrite,S,codeWrite,S,271,1,1,0,0,0,0,0,0,1,0,0,3,3,0,1,0,0,0,0,0,0,0,0,0,0,1,1,0,4,3,3,0,4,0,3,0,9,10,6,13,7,0,0,0,37,25,0,2,3,2,1,1,17,13,0,0,0,0,0,1,1,0,0,0,0,0,1,1,1,1,1,1,24,9,1,2,2,0,3,3,8,2,1,0,0,0,13,5,13,2
bbtqlQeMsN.txt,0,Annotator_0,codeWrite,S,codeWrite,S,144,0,2,0,1,0,0,0,0,0,0,0,3,1,1,0,1,0,0,0,0,0,0,0,0,0,1,0,1,4,5,0,0,3,0,1,0,4,4,4,7,1,0,0,0,17,15,0,1,2,3,0,0,1,5,0,0,0,0,1,2,1,0,0,0,0,0,2,1,0,1,4,2,9,6,1,0,0,0,1,2,3,2,0,0,0,0,4,4,5,5
bvlCGvOCnt.txt,0,Annotator_1,bugFix,S,bugFix,S,54,0,0,1,0,0,1,0,0,0,0,0,1,0,0,1,0,0,0,0,1,0,0,0,0,0,0,0,1,0,1,2,0,0,0,0,0,0,2,2,3,1,0,0,0,4,4,1,1,0,1,0,0,1,2,0,0,0,0,0,0,0,0,0,0,0,0,1,1,0,0,0,0,6,3,0,0,0,0,1,0,1,1,1,0,0,0,5,1,1,1
bvlCGvOCnt.txt,0,Annotator_0,bugFix,S,bugFix,S,85,0,0,0,0,0,1,1,0,0,0,0,0,0,0,2,0,0,0,0,1,0,0,0,0,0,0,0,1,1,1,2,0,1,0,1,1,0,3,5,4,0,0,0,0,9,9,1,0,0,2,1,0,3,3,0,0,0,0,0,0,0,0,0,0,0,0,2,1,0,0,4,0,4,3,1,1,0,0,1,0,3,1,1,0,0,0,5,1,3,1
bvlCGvOCnt.txt,0,Annotator_2,bugFix,S,bugFix,S,87,0,0,0,0,0,1,1,0,0,0,0,0,0,0,2,0,0,0,0,1,0,0,0,0,0,0,0,1,1,0,2,0,1,0,1,1,0,3,5,6,0,0,0,0,7,10,3,0,0,3,1,0,3,3,0,0,0,0,0,0,0,0,0,0,0,0,2,2,0,0,4,0,4,2,1,1,0,0,1,0,3,1,1,0,0,0,5,0,3,1
d7wrtvcj1g.txt,0,Annotator_0,codeWrite,S,codeWrite,S,58,0,1,0,0,0,0,0,0,0,0,0,2,2,0,2,2,0,0,0,0,0,0,0,0,0,1,0,1,2,0,0,0,2,0,0,1,1,3,0,2,0,0,0,0,5,6,0,0,0,0,0,0,1,2,0,0,0,1,0,0,0,0,0,0,0,0,0,0,0,0,0,0,6,5,0,0,0,0,1,1,1,1,0,0,0,0,3,1,1,1
d7wrtvcj1g.txt,1,Annotator_0,codeComprehension,S,codeComprehension,S,9,0,0,0,0,0,0,0,0,0,0,0,1,0,0,0,0,0,0,0,0,0,1,0,0,0,0,0,1,0,0,0,0,0,0,0,0,1,0,0,0,0,0,0,0,1,0,0,0,0,0,0,0,0,0,0,0,0,0,0,0,0,0,0,0,0,0,0,0,0,0,0,0,1,1,0,0,0,0,0,1,0,0,0,0,0,0,0,1,0,0
dGw500Ha7A.txt,0,Annotator_1,codeImprove,S,codeImprove,S,107,0,0,0,0,0,1,0,0,0,1,0,2,0,0,3,4,0,0,0,0,0,0,0,1,0,0,0,1,1,0,0,0,2,1,2,0,0,1,6,10,0,0,0,0,10,12,1,0,1,0,0,0,0,2,0,0,1,2,0,2,0,0,0,0,0,0,1,4,0,0,1,1,8,8,0,0,0,0,0,0,1,7,0,0,0,0,0,0,2,7
dGw500Ha7A.txt,0,Annotator_0,codeImprove,S,codeImprove,S,107,0,0,0,0,0,1,0,0,1,0,0,3,1,0,3,4,0,0,0,0,0,0,0,1,0,0,0,1,1,1,0,0,2,0,2,0,0,2,4,13,0,0,0,0,9,16,0,0,0,0,0,0,1,4,0,0,1,4,0,2,0,0,0,0,0,0,1,4,0,0,1,1,6,5,0,0,0,1,0,1,1,2,0,0,0,0,0,1,2,4
dGw500Ha7A.txt,0,Annotator_2,codeImprove,S,codeImprove,S,89,0,0,0,0,0,0,0,0,0,0,0,4,1,0,3,4,0,0,0,0,0,0,0,1,0,0,0,1,0,0,0,0,2,0,2,0,0,0,5,11,0,0,0,0,9,11,0,0,0,0,0,1,0,3,0,0,1,3,0,0,0,0,0,0,0,0,3,4,0,0,0,0,6,4,0,0,0,0,0,0,1,4,0,0,0,0,0,0,1,4
dhpHe3uvIu.txt,0,Annotator_0,bugFix,F,bugFix,F,89,2,2,1,0,0,1,0,0,0,0,0,0,0,0,0,0,0,0,0,1,0,0,0,0,0,0,0,1,0,2,0,0,0,0,0,0,0,4,1,12,0,1,0,0,1,18,0,0,0,1,0,0,3,10,0,0,0,1,0,0,0,0,0,0,0,1,3,1,0,0,1,2,1,1,0,0,0,0,3,0,4,0,0,0,0,0,5,3,2,0
eBS0fslIHL.txt,0,Annotator_1,codeWrite,S,codeWrite,S,69,0,0,0,0,0,0,0,0,0,0,0,0,0,0,2,1,0,0,0,0,0,0,0,0,0,1,0,1,0,0,0,0,4,0,0,2,1,2,1,5,2,0,0,0,8,9,0,0,0,0,0,0,2,3,0,0,0,0,0,0,0,0,0,0,0,0,2,2,0,0,1,1,7,0,0,0,0,0,1,0,4,0,0,0,0,0,2,0,5,0
eBS0fslIHL.txt,0,Annotator_0,codeWrite,S,codeWrite,S,72,0,0,0,0,0,0,0,0,0,0,0,0,0,0,2,1,0,0,0,0,0,0,0,0,0,1,0,1,0,0,0,0,2,0,0,1,1,2,3,5,1,0,0,0,7,8,0,0,1,0,0,0,1,1,0,0,0,0,3,0,0,0,0,0,0,0,0,2,0,0,2,2,6,3,0,1,0,0,1,0,5,1,0,0,0,0,0,0,7,1
eBS0fslIHL.txt,0,Annotator_2,codeWrite,S,codeWrite,S,78,0,0,0,0,0,0,0,0,0,0,0,0,1,0,2,1,0,0,0,0,0,0,0,0,0,1,0,1,0,0,2,0,0,0,0,0,1,1,4,7,1,0,0,0,8,8,0,0,1,0,0,0,2,3,0,0,0,0,1,0,0,0,0,0,0,0,1,2,0,0,2,2,7,2,0,0,0,0,1,0,5,1,0,0,0,0,1,0,8,1
eBS0fslIHL.txt,1,Annotator_1,codeComprehension,S,codeComprehension,S,44,0,0,0,0,0,0,0,0,0,0,1,3,2,0,0,0,0,0,0,0,0,1,0,0,0,0,1,0,2,0,0,0,1,0,1,2,0,1,2,0,0,0,0,0,5,2,1,1,0,0,0,0,0,0,6,0,0,0,0,0,0,0,0,0,1,0,1,0,0,0,0,0,2,0,0,0,2,0,0,0,1,0,0,0,0,0,2,0,3,0
eBS0fslIHL.txt,1,Annotator_0,codeComprehension,S,codeComprehension,S,43,1,0,0,0,0,0,0,0,0,0,0,3,4,0,0,0,0,0,0,0,0,1,0,0,0,0,0,1,2,1,0,0,0,0,0,0,1,1,2,0,0,0,0,0,5,1,0,1,1,0,0,0,0,0,5,2,0,0,0,0,0,0,0,0,1,0,0,0,0,0,0,0,1,0,0,0,2,0,0,0,1,0,0,0,0,0,2,1,3,0
eBS0fslIHL.txt,1,Annotator_2,codeComprehension,S,codeComprehension,S,40,0,0,0,0,0,0,0,0,0,0,0,2,4,0,0,0,0,0,0,0,0,1,0,0,0,0,0,1,2,0,0,0,0,0,0,0,1,1,2,1,0,0,0,0,4,2,1,0,0,0,0,0,0,0,6,2,0,0,0,0,0,0,0,0,0,0,0,0,0,0,0,0,2,0,0,0,0,0,0,0,2,0,1,0,0,0,2,0,3,0
eDhoLUjtdd.txt,0,Annotator_1,bugFix,S,bugFix,S,117,0,0,0,0,0,0,0,0,0,0,0,2,1,1,0,0,2,0,0,1,0,0,0,0,0,0,1,0,4,0,6,0,1,0,0,0,1,1,7,4,3,0,0,0,18,5,4,0,2,1,0,0,0,0,0,0,0,0,0,0,0,0,0,0,0,0,6,2,0,0,0,0,16,3,1,1,1,0,0,1,1,1,1,0,0,0,6,0,10,2
eDhoLUjtdd.txt,0,Annotator_0,bugFix,S,bugFix,S,86,0,0,0,0,0,0,0,0,0,0,1,1,0,0,0,0,0,0,0,1,0,0,0,0,0,0,1,0,5,1,3,0,0,0,0,0,0,0,0,1,6,1,0,0,10,3,4,0,7,1,1,0,0,0,0,0,0,0,1,1,0,0,0,0,0,0,0,1,0,0,0,0,7,2,1,0,0,0,0,1,3,1,0,0,0,0,7,1,10,3
eDhoLUjtdd.txt,0,Annotator_2,bugFix,S,bugFix,S,112,0,0,1,0,0,0,0,0,0,0,1,1,1,0,0,0,0,0,0,1,0,0,0,0,0,0,1,0,3,0,3,0,0,0,0,0,1,1,12,5,1,0,2,0,17,6,5,0,5,3,0,0,0,0,2,1,1,0,1,0,4,0,0,0,0,0,2,2,0,0,1,0,8,1,1,1,0,0,0,0,3,2,0,0,0,0,7,1,3,1
eKKIb45OQb.txt,0,Annotator_1,bugFix,S,bugFix,S,104,0,0,0,0,0,0,0,0,0,0,0,0,0,0,0,0,0,0,0,1,0,0,0,0,0,0,0,1,1,0,1,0,3,0,0,1,1,3,10,4,0,0,0,0,15,5,1,1,1,0,0,0,2,1,7,4,0,0,0,0,0,0,0,0,0,0,1,1,0,0,1,0,13,3,0,0,4,0,2,0,3,1,0,0,0,0,4,0,7,1
eKKIb45OQb.txt,0,Annotator_0,bugFix,S,bugFix,S,121,1,0,0,0,0,0,0,0,0,0,0,1,0,0,0,0,0,0,0,1,0,0,0,0,0,0,0,1,3,4,2,0,2,0,0,1,1,1,6,1,2,1,0,0,17,8,0,0,3,2,0,0,4,1,3,3,0,1,0,0,0,0,0,0,0,0,0,1,0,0,3,1,12,1,0,0,1,0,4,0,4,1,0,0,0,0,3,2,12,6
eKKIb45OQb.txt,0,Annotator_2,bugFix,S,bugFix,S,112,0,0,0,0,1,0,0,0,0,0,0,1,2,0,0,0,0,0,0,1,0,0,0,0,0,0,0,1,4,0,0,0,1,0,0,0,1,1,10,6,0,0,0,0,16,7,0,0,2,2,0,0,4,2,3,0,0,1,0,0,0,0,1,2,0,0,0,0,0,0,1,0,14,2,0,0,1,0,1,0,6,2,1,0,0,0,4,0,9,2
eqPEtn9Qae.txt,0,Annotator_1,bugFix,F,bugFix,F,216,2,3,3,0,0,0,0,0,0,0,0,0,1,0,0,0,0,0,0,1,0,0,0,0,0,0,0,1,0,5,2,0,5,3,0,0,2,6,8,15,1,0,0,0,12,20,4,4,2,0,0,0,1,0,1,0,2,0,1,0,0,1,0,1,0,0,15,15,0,0,0,0,18,13,0,0,0,1,14,0,4,0,3,0,0,0,16,4,6,0
eqPEtn9Qae.txt,0,Annotator_0,bugFix,F,bugFix,F,256,2,4,3,0,0,0,0,0,1,0,0,0,1,0,1,0,0,0,0,1,0,0,0,0,0,0,0,1,4,5,2,0,3,3,0,1,7,8,8,8,2,2,0,0,23,25,4,2,4,1,0,0,3,4,1,0,2,0,5,4,0,1,0,1,0,0,12,9,0,0,2,1,19,8,0,0,0,0,12,0,5,2,3,0,0,0,13,6,14,3
eqPEtn9Qae.txt,0,Annotator_2,bugFix,F,bugFix,F,253,2,2,0,0,1,0,0,0,1,0,0,0,1,0,1,1,0,0,0,1,0,0,0,0,0,0,0,1,2,3,2,0,1,0,0,0,5,6,14,22,1,0,0,0,21,28,4,3,1,1,0,0,15,15,0,0,1,0,0,0,3,2,0,1,0,0,8,4,0,0,0,0,16,9,1,1,0,0,5,0,14,2,1,0,0,0,14,4,11,1
ghNL5F4Bna.txt,0,Annotator_1,bugFix,F,bugFix,F,24,0,0,0,0,0,0,0,0,0,0,0,0,0,0,1,1,0,0,0,1,0,0,0,0,0,0,0,1,0,0,0,0,0,0,0,0,0,1,2,0,1,0,0,0,1,0,2,0,0,1,0,0,0,0,2,0,0,0,0,0,1,1,0,0,0,0,1,1,0,0,0,0,0,0,0,0,0,0,1,0,0,2,0,0,0,0,1,2,0,0
ghNL5F4Bna.txt,0,Annotator_0,bugFix,F,bugFix,F,33,0,0,0,0,0,0,0,0,0,0,0,0,0,0,1,1,0,0,0,1,0,0,0,0,0,0,0,1,2,3,0,0,0,0,0,0,0,0,0,0,0,0,0,0,1,3,1,0,1,2,0,0,0,0,1,0,0,0,0,0,1,0,0,0,0,0,0,2,0,0,0,0,0,1,0,0,0,0,1,0,0,2,0,0,0,0,1,2,2,3
ghNL5F4Bna.txt,0,Annotator_2,bugFix,F,bugFix,F,31,0,0,0,0,0,0,0,0,0,0,0,0,0,0,1,0,0,0,0,1,0,0,0,0,0,0,0,1,1,1,0,0,0,0,0,0,0,1,0,0,1,1,0,0,2,3,0,0,0,1,0,0,0,0,1,0,0,0,0,0,1,1,0,0,0,0,1,1,0,0,0,0,0,2,0,0,0,0,1,0,0,2,0,0,0,0,2,3,1,1
ghNL5F4Bna.txt,1,Annotator_1,bugFix,F,bugFix,F,29,0,1,0,0,0,1,0,0,0,0,0,0,0,0,1,1,0,0,0,1,0,0,0,0,0,0,0,1,1,1,0,0,0,0,0,0,1,0,2,1,0,0,0,0,3,0,0,2,0,0,0,0,0,0,2,0,0,0,0,0,1,0,0,1,0,0,0,2,0,0,0,0,0,1,0,0,0,0,0,0,0,2,0,0,0,0,1,2,0,0
ghNL5F4Bna.txt,1,Annotator_0,bugFix,F,bugFix,F,37,0,1,0,0,0,0,0,1,0,0,0,0,0,0,1,1,0,0,0,1,0,0,0,0,0,0,0,1,3,1,0,0,0,0,0,0,2,0,0,0,0,0,0,0,5,1,0,0,1,0,0,0,0,0,1,0,0,0,0,0,0,0,0,0,0,0,2,2,0,0,0,0,1,2,0,0,0,0,0,1,0,2,0,0,0,0,2,3,1,1
ghNL5F4Bna.txt,1,Annotator_2,bugFix,F,bugFix,F,36,0,1,0,0,0,0,0,1,0,0,0,0,1,0,1,1,0,0,0,1,0,0,0,0,0,0,0,1,1,1,0,1,0,0,0,0,1,0,2,1,0,0,0,0,4,3,0,0,0,0,0,0,0,0,1,0,0,0,0,0,0,0,0,1,0,0,2,3,0,0,0,0,0,0,1,1,0,0,0,1,0,1,0,0,0,0,1,1,0,2
gmad0dh86z.txt,0,Annotator_1,codeWrite,S,codeWrite,S,104,0,0,0,0,0,0,0,0,0,0,0,0,1,0,2,3,1,0,0,0,0,0,0,0,0,1,0,1,3,0,3,0,1,1,0,0,1,0,4,5,1,0,1,0,13,3,1,3,0,0,0,0,1,1,4,2,0,0,0,0,0,0,0,0,0,1,0,0,0,0,0,0,15,5,0,0,2,0,0,1,1,2,3,0,0,0,9,2,5,1
gmad0dh86z.txt,0,Annotator_0,codeWrite,S,codeWrite,S,124,2,0,0,0,0,0,0,0,0,0,0,1,0,0,2,2,1,0,0,0,0,0,0,0,0,1,0,1,9,0,1,0,3,0,0,0,1,1,1,3,1,0,1,0,17,2,0,2,1,0,0,0,2,1,7,1,0,0,0,0,0,0,0,0,0,1,0,2,0,0,1,0,10,2,4,2,0,0,0,3,3,2,5,0,0,0,15,3,5,2
gmad0dh86z.txt,0,Annotator_2,codeWrite,S,codeWrite,S,127,1,0,0,0,0,0,0,0,0,0,0,1,0,0,2,3,0,0,0,0,0,0,0,0,0,1,0,1,5,0,1,0,0,0,0,0,2,0,10,4,1,0,1,0,17,3,3,1,0,0,0,0,2,1,9,2,0,0,1,0,0,0,0,0,0,1,3,0,0,0,1,0,12,5,0,0,0,0,0,2,3,3,5,0,0,0,10,3,5,2
hOl1wgs6dP.txt,0,Annotator_1,bugFix,S,bugFix,S,79,1,0,0,0,0,0,0,0,0,0,0,1,0,0,0,0,0,0,0,1,0,0,0,0,0,0,0,1,0,2,0,0,0,0,0,0,1,3,6,4,1,0,0,0,8,7,0,2,1,3,1,1,1,0,0,0,0,0,0,1,0,0,0,0,0,0,4,2,0,0,1,1,5,3,0,0,0,0,2,1,3,1,0,0,0,0,1,2,5,2
hOl1wgs6dP.txt,0,Annotator_0,bugFix,S,bugFix,S,77,0,0,0,1,0,0,0,0,0,0,0,1,0,0,0,0,0,0,0,1,0,0,0,0,0,0,0,1,3,3,0,0,1,1,0,2,1,1,3,0,1,0,0,0,9,7,0,0,3,3,3,0,1,0,0,0,0,0,1,0,0,0,0,0,0,0,2,1,0,0,1,1,3,3,0,0,1,0,1,0,3,1,0,0,0,0,1,2,8,2
hOl1wgs6dP.txt,0,Annotator_2,bugFix,S,bugFix,S,93,0,0,0,0,0,0,0,0,0,0,0,1,0,0,0,0,0,0,0,1,0,0,0,0,0,0,1,0,1,1,0,1,1,0,0,0,3,3,6,5,0,0,0,0,11,10,0,0,1,4,1,1,0,0,1,0,0,0,0,0,0,0,0,0,0,0,5,4,1,0,1,1,6,2,0,1,0,0,1,1,4,2,0,0,0,0,2,3,4,2
hzakn6ot9M.txt,0,Annotator_1,bugFix,F,bugFix,F,51,0,0,0,0,0,0,0,0,0,0,0,1,1,0,3,4,0,0,0,1,0,0,0,0,0,0,0,1,0,0,0,0,0,0,0,0,0,0,2,5,1,0,0,0,1,5,2,0,0,0,0,0,0,2,0,0,1,0,1,0,0,0,0,0,0,0,3,2,0,0,1,0,1,2,0,0,0,0,2,0,2,1,0,0,0,0,3,0,2,1
hzakn6ot9M.txt,0,Annotator_0,bugFix,F,bugFix,F,54,0,0,0,0,0,0,0,0,0,0,0,1,1,0,3,4,0,0,0,1,0,0,0,0,0,0,0,1,0,1,0,0,0,0,0,0,0,1,2,4,0,0,0,0,2,6,0,0,1,1,0,0,0,4,0,0,1,0,1,0,1,0,0,0,0,0,1,2,0,0,1,0,1,0,0,0,0,0,1,0,4,1,0,0,0,0,2,1,3,1
hzakn6ot9M.txt,0,Annotator_2,bugFix,F,bugFix,F,56,0,0,0,0,0,0,0,0,0,0,0,1,0,0,3,4,0,0,0,1,0,0,0,0,0,0,0,1,0,1,0,0,0,0,0,0,0,1,3,5,0,0,0,0,3,7,0,0,1,0,1,0,0,5,0,0,1,0,1,0,1,0,0,0,0,0,1,2,0,0,1,0,1,0,0,0,0,0,1,0,3,0,1,0,0,0,2,1,3,0
idguEatSf4.txt,0,Annotator_1,bugFix,F,bugFix,F,89,0,0,1,0,0,1,0,0,0,0,0,1,2,0,0,0,0,0,0,1,0,0,0,0,0,0,1,0,3,3,1,0,0,1,0,0,0,0,6,6,0,0,0,0,9,10,1,0,6,7,0,0,0,0,0,0,0,0,0,2,2,0,0,0,0,0,2,3,0,0,1,0,1,1,0,0,0,1,0,1,0,1,2,0,0,0,4,1,2,5
idguEatSf4.txt,0,Annotator_0,bugFix,F,bugFix,F,91,1,0,0,0,0,1,0,0,0,0,0,0,0,0,0,0,1,0,0,1,0,0,0,0,0,0,0,1,2,1,1,0,0,1,0,0,2,3,4,5,4,0,0,0,13,10,0,0,5,4,0,0,0,0,0,0,0,0,1,1,2,1,0,1,0,0,1,0,0,0,0,0,5,5,0,0,0,0,0,1,0,1,1,0,0,0,2,0,6,3
idguEatSf4.txt,0,Annotator_2,bugFix,F,bugFix,F,97,1,0,0,0,0,1,0,0,0,0,0,0,0,0,0,0,1,0,0,1,0,0,0,0,0,0,0,1,2,1,1,0,0,1,0,0,2,3,4,6,4,0,0,0,11,11,2,0,5,5,0,0,0,0,0,0,0,0,1,1,3,1,0,1,0,0,1,0,0,0,0,0,4,6,0,0,0,1,0,1,0,1,1,0,0,0,6,1,2,3
ifiSVMunum.txt,0,Annotator_1,codeWrite,F,codeWrite,F,211,0,0,0,0,0,0,0,0,0,0,0,1,4,0,1,1,1,0,0,0,0,0,0,0,0,1,0,1,2,0,1,0,0,0,2,1,5,6,4,10,3,0,2,0,19,11,0,6,1,1,1,0,1,1,9,5,0,1,3,1,0,0,0,0,1,1,0,0,0,0,0,0,20,18,0,0,2,1,1,7,2,3,13,0,0,0,12,2,13,9
ifiSVMunum.txt,0,Annotator_0,codeWrite,F,codeWrite,S,218,0,1,0,0,0,0,0,0,0,0,0,2,6,0,1,1,1,0,0,0,0,0,0,0,0,1,0,1,5,4,3,0,0,0,1,1,4,5,1,5,3,0,0,0,18,14,0,2,1,1,0,0,3,5,3,1,2,2,4,2,0,0,0,0,0,0,1,0,0,0,0,0,21,17,0,0,0,1,2,10,2,2,14,0,0,0,18,8,10,8
ifiSVMunum.txt,0,Annotator_2,codeWrite,F,codeWrite,F,227,0,0,0,0,0,0,0,0,0,0,1,1,3,0,1,1,0,0,0,0,0,0,0,0,0,1,0,1,1,2,2,0,0,0,1,1,6,5,7,9,3,0,2,0,22,13,0,4,1,1,0,0,1,2,5,4,1,1,4,3,0,0,0,0,0,0,3,4,0,0,0,0,24,16,0,0,0,1,2,10,2,3,13,0,0,0,7,8,16,8
jLnKNAbfw1.txt,0,Annotator_1,codeImprove,S,codeImprove,S,45,0,1,0,0,0,0,0,0,0,0,0,0,0,0,0,0,0,0,0,0,0,0,0,1,0,0,0,1,2,0,0,0,0,0,0,1,1,0,3,2,1,0,0,0,7,2,0,1,0,0,0,1,0,0,3,1,0,0,0,0,0,0,0,0,0,0,2,0,0,0,0,0,4,2,0,0,1,0,0,1,1,0,0,0,0,0,2,1,3,0
jLnKNAbfw1.txt,0,Annotator_0,codeImprove,S,codeImprove,S,122,0,1,0,0,0,0,0,0,1,0,0,0,0,0,0,0,0,0,0,0,0,0,0,1,0,0,0,1,8,1,1,0,0,0,1,2,5,0,2,4,0,0,0,0,17,7,0,0,1,1,3,0,1,3,2,1,0,0,0,0,0,0,0,0,0,0,5,3,0,0,0,0,10,6,0,0,0,0,0,5,5,2,0,0,0,0,7,5,7,3
jLnKNAbfw1.txt,0,Annotator_2,codeImprove,S,codeImprove,S,46,0,0,0,0,0,0,0,0,0,0,0,0,0,0,0,0,0,0,0,0,0,0,0,1,0,0,0,1,2,0,0,0,0,0,0,1,1,0,3,4,1,0,0,0,7,4,0,0,0,0,0,0,0,0,0,0,1,1,0,0,0,0,0,0,0,0,2,0,0,0,0,0,6,4,0,0,0,0,0,0,2,0,0,0,0,0,2,0,3,0
jLnKNAbfw1.txt,1,Annotator_1,codeComprehension,S,codeComprehension,S,93,0,0,0,0,0,0,0,0,1,0,0,2,1,0,1,0,0,0,0,0,0,1,0,0,0,0,0,1,2,0,0,0,0,0,1,0,3,1,7,4,0,0,0,0,14,4,0,1,0,0,5,2,0,0,2,2,0,0,0,0,0,0,0,0,0,0,0,0,0,0,0,0,11,6,0,0,1,0,1,2,3,3,0,0,0,0,2,5,4,0
jLnKNAbfw1.txt,1,Annotator_0,codeComprehension,S,codeComprehension,S,14,0,0,0,0,0,0,0,0,0,0,0,1,1,0,0,0,0,0,0,0,0,1,0,0,0,0,0,1,1,0,0,0,0,0,0,0,0,0,1,0,0,0,0,0,2,0,0,0,0,0,1,0,0,0,1,0,0,0,0,0,0,0,0,0,0,0,1,0,0,0,0,0,0,0,0,0,0,0,0,0,1,0,0,0,0,0,1,0,1,0
jLnKNAbfw1.txt,1,Annotator_2,codeComprehension,S,codeComprehension,S,95,0,0,0,0,0,0,0,0,1,0,0,1,1,0,1,0,0,0,0,0,0,1,0,0,0,0,0,1,1,0,0,0,0,0,0,0,4,1,7,6,1,0,0,0,13,7,0,0,1,0,2,1,1,0,2,2,0,0,0,0,0,0,0,0,0,0,0,0,0,0,0,0,12,8,0,0,0,0,0,2,5,2,0,0,0,0,1,1,6,3
jgycQAyRef.txt,0,Annotator_1,bugFix,S,codeWrite,S,45,0,0,0,0,0,0,0,0,0,0,0,2,1,0,0,0,0,0,0,0,0,0,0,0,0,1,0,1,0,1,0,0,0,0,0,2,0,2,0,1,0,0,0,0,0,5,0,1,0,0,0,0,1,2,0,0,0,0,0,0,0,0,0,0,0,0,3,1,1,1,0,0,2,2,0,0,2,0,1,0,4,0,0,0,0,0,1,0,6,1
jgycQAyRef.txt,0,Annotator_0,bugFix,S,bugFix,S,50,0,0,0,0,0,0,0,0,0,0,0,1,0,0,0,0,0,0,0,1,0,0,0,0,0,0,0,1,0,2,0,0,1,0,0,2,1,2,0,0,0,0,0,0,2,5,0,1,1,0,0,0,1,1,0,0,0,0,0,0,0,0,0,0,0,0,2,2,2,1,0,0,3,2,0,0,1,0,1,0,4,0,0,0,1,0,1,1,6,1
jgycQAyRef.txt,0,Annotator_2,bugFix,S,bugFix,S,43,0,0,0,0,0,0,0,0,0,0,0,1,1,0,0,0,0,0,0,1,0,0,0,0,0,0,0,1,0,1,0,0,0,0,0,1,0,2,1,2,0,0,0,0,1,6,0,0,1,0,0,0,2,2,0,0,0,0,0,0,0,0,0,0,0,0,0,0,2,1,0,0,2,3,0,0,1,0,1,0,3,0,0,0,1,0,0,0,6,0
l6L1Q9LPE6.txt,0,Annotator_1,codeWrite,F,codeWrite,F,108,0,1,0,0,0,1,0,0,1,0,0,0,0,0,3,3,0,0,0,0,0,0,0,0,0,1,0,1,2,0,2,0,0,0,0,1,1,0,4,9,1,0,0,0,9,5,0,5,0,0,1,0,1,3,1,3,0,0,1,1,0,0,0,0,0,0,2,2,0,0,0,0,8,8,0,0,0,0,2,4,2,3,0,0,0,0,5,2,4,5
l6L1Q9LPE6.txt,0,Annotator_0,codeWrite,F,codeWrite,F,96,1,1,0,0,0,1,0,0,1,0,0,0,0,0,1,2,0,0,0,0,0,0,0,0,0,1,0,1,1,1,0,0,1,0,0,1,1,1,2,5,3,1,0,0,8,8,0,1,0,2,1,0,3,3,2,2,0,1,4,1,0,0,0,0,0,0,1,1,0,0,0,0,1,5,0,0,0,0,0,5,4,1,0,0,0,0,6,4,2,4
l6L1Q9LPE6.txt,0,Annotator_2,codeWrite,F,codeWrite,F,113,0,2,0,0,1,0,0,0,0,0,0,0,0,0,1,3,0,0,0,0,0,0,0,0,0,1,0,1,2,1,0,0,0,0,0,1,1,1,5,7,2,1,0,0,8,9,2,2,1,1,1,0,1,3,1,1,0,0,1,2,0,0,0,0,0,0,1,1,0,0,0,0,9,10,0,0,0,0,0,1,4,6,1,0,0,0,2,4,6,5
l79lh5FKHH.txt,0,Annotator_1,bugFix,S,bugFix,S,25,0,0,0,0,0,0,0,0,0,0,0,0,1,0,0,0,0,0,0,1,0,0,0,0,0,0,0,1,0,0,0,0,1,0,0,0,0,1,1,1,1,0,0,0,2,0,1,2,0,0,0,0,0,0,2,1,0,0,0,0,0,0,0,0,0,0,1,0,0,0,0,0,2,1,0,0,0,0,0,0,2,0,0,0,0,0,2,0,1,0
l79lh5FKHH.txt,0,Annotator_0,bugFix,S,bugFix,S,26,0,0,0,0,0,0,0,0,0,0,0,1,1,0,0,0,0,0,0,1,0,0,0,0,0,0,1,0,0,0,0,0,1,0,0,0,0,1,1,1,1,0,0,0,3,1,0,1,1,0,0,0,0,0,0,0,2,1,1,1,0,0,0,0,0,0,0,0,0,0,0,0,1,0,0,0,0,0,0,0,2,0,0,0,0,0,2,0,1,0
l79lh5FKHH.txt,0,Annotator_2,bugFix,S,bugFix,S,25,0,0,0,0,0,0,0,0,0,0,0,0,1,0,0,0,0,0,0,1,0,0,0,0,0,0,0,1,0,0,0,0,1,0,0,0,0,0,1,2,1,0,0,0,2,1,1,1,1,0,0,0,0,0,1,0,0,1,0,0,0,0,0,0,0,0,0,0,0,0,0,0,3,1,0,0,0,0,0,0,1,0,1,0,0,0,0,0,3,0
l79lh5FKHH.txt,1,Annotator_1,codeWrite,F,codeWrite,F,136,1,0,0,0,0,0,0,0,0,0,0,0,0,0,0,0,0,0,0,0,0,0,0,0,0,1,1,0,3,2,0,0,2,0,0,1,0,2,10,9,5,0,0,0,14,13,6,1,0,0,2,0,4,2,0,0,0,0,1,0,0,0,1,0,0,4,0,0,0,0,2,1,11,6,6,1,0,0,2,0,5,0,0,0,0,0,8,2,7,0
l79lh5FKHH.txt,1,Annotator_0,codeWrite,F,codeWrite,F,111,0,0,0,0,0,0,0,0,0,0,0,0,0,0,0,0,0,0,0,0,0,0,0,0,0,1,1,0,1,4,0,0,1,0,0,0,1,2,8,4,3,0,0,0,12,10,0,0,1,5,2,0,3,1,0,0,0,0,5,0,0,0,0,0,0,0,0,1,0,0,1,1,4,0,8,2,1,0,4,0,6,0,0,0,0,0,7,2,7,2
l79lh5FKHH.txt,1,Annotator_2,codeWrite,F,codeWrite,F,149,0,0,0,0,0,0,0,0,0,0,0,0,0,0,0,0,0,0,0,0,0,0,0,0,0,1,0,1,1,0,3,0,1,0,0,0,0,2,17,11,0,1,0,0,18,12,4,2,2,3,1,0,6,1,0,0,0,0,1,0,0,0,1,1,0,0,0,0,0,1,1,0,11,5,9,3,0,0,4,0,6,0,0,0,2,0,9,1,7,0
mEEt27El2H.txt,0,Annotator_1,codeWrite,S,codeWrite,S,181,0,0,1,0,0,0,0,0,0,0,0,2,1,0,5,6,0,0,0,0,0,0,0,0,0,1,0,1,4,0,2,0,1,1,0,0,4,3,13,9,2,0,0,0,25,11,1,2,1,0,0,0,2,3,2,0,0,0,0,0,0,0,0,0,1,0,3,3,0,0,0,0,22,14,1,0,0,0,2,2,0,5,4,0,0,0,13,2,1,5
mEEt27El2H.txt,0,Annotator_0,codeWrite,S,codeWrite,S,193,0,0,1,0,0,0,0,0,0,0,0,3,1,0,4,5,0,0,0,0,0,0,0,0,0,1,1,0,8,4,7,0,1,0,0,0,4,3,4,5,3,0,0,0,27,10,0,2,1,1,2,0,3,5,3,0,0,0,0,0,0,0,0,0,1,0,0,0,0,0,0,0,22,11,1,2,0,0,2,3,1,4,3,0,0,0,16,3,7,8
mEEt27El2H.txt,0,Annotator_2,codeWrite,S,codeWrite,S,175,0,0,0,0,0,0,0,0,0,0,0,3,0,0,5,5,0,0,0,0,0,0,0,0,0,1,0,1,6,0,1,0,1,0,0,0,3,2,15,8,2,1,0,0,26,11,0,0,2,1,0,0,5,6,1,0,0,0,0,0,1,0,0,0,1,0,0,0,0,0,0,0,22,11,1,0,0,0,2,2,0,5,3,0,0,0,11,2,2,6
mLsc5Qhd2T.txt,0,Annotator_1,codeImprove,F,codeImprove,F,60,1,1,0,0,0,0,0,0,0,0,0,0,2,0,3,5,0,0,0,0,0,0,0,1,0,0,0,1,0,0,0,0,0,0,0,0,0,1,3,5,1,0,0,0,3,5,1,1,0,0,0,0,1,3,0,0,0,0,0,0,0,0,0,0,0,0,1,1,0,0,1,0,3,5,0,0,0,0,1,0,1,3,0,0,0,0,0,1,3,2
mLsc5Qhd2T.txt,0,Annotator_0,codeImprove,F,codeImprove,F,61,1,1,0,0,0,0,1,0,0,0,0,0,1,0,5,4,0,0,0,0,0,0,0,1,0,0,0,1,0,3,0,0,1,0,0,0,0,1,1,2,1,0,0,0,3,6,0,0,1,0,0,0,1,4,0,1,0,0,0,0,0,0,0,0,0,0,0,1,0,0,1,0,2,3,0,0,0,0,0,0,2,3,0,0,0,0,2,3,1,3
mLsc5Qhd2T.txt,0,Annotator_2,codeImprove,F,codeImprove,F,55,0,0,0,0,0,0,0,0,0,0,0,0,2,0,4,4,0,0,0,0,0,0,0,1,0,0,0,1,0,0,0,0,0,0,0,0,0,0,4,6,1,0,0,0,4,6,1,0,1,0,0,1,1,3,0,0,0,0,0,0,0,0,0,0,0,0,1,2,0,0,1,0,2,2,0,0,0,0,0,0,1,2,0,0,0,0,1,0,1,2
nFzesfr8LM.txt,0,Annotator_1,codeWrite,S,codeWrite,S,80,0,0,0,0,0,0,0,0,0,0,0,0,0,0,1,0,0,0,0,0,0,0,0,0,0,1,0,1,1,0,0,0,0,0,0,1,2,2,5,2,3,0,1,0,10,4,2,1,0,1,1,0,1,1,1,0,0,0,0,0,0,0,0,0,0,0,5,1,0,0,1,0,9,3,0,0,1,0,2,0,3,1,0,0,0,0,4,1,7,0
nFzesfr8LM.txt,0,Annotator_0,codeWrite,S,codeWrite,S,71,0,0,0,0,0,0,0,0,0,0,0,1,2,0,1,0,0,0,0,0,0,0,0,0,0,1,0,1,1,1,1,0,2,0,0,0,2,2,3,1,2,0,0,0,11,4,0,0,0,1,0,0,2,1,1,0,0,0,0,0,0,0,0,0,0,0,0,1,2,0,1,0,9,2,0,0,1,0,2,0,1,1,0,0,0,0,5,1,3,1
nFzesfr8LM.txt,0,Annotator_2,codeWrite,S,codeWrite,S,57,0,0,1,0,0,0,0,0,0,0,0,0,0,0,0,0,0,0,0,0,0,0,0,0,0,1,0,1,0,0,0,0,1,0,0,0,0,1,6,3,0,0,0,0,6,4,1,0,2,1,0,0,0,1,0,0,0,0,0,0,0,0,0,0,0,0,1,1,1,0,0,0,9,2,0,0,1,0,1,0,2,1,2,0,0,0,2,1,4,0
nvPpBOafGk.txt,0,Annotator_1,bugFix,F,codeWrite,F,80,2,1,1,0,0,0,0,0,0,0,0,0,0,0,2,4,0,0,0,0,0,0,0,0,0,1,0,1,0,0,0,0,0,0,1,0,1,0,5,3,2,0,0,0,5,3,4,0,0,0,0,0,1,2,2,3,1,0,0,0,0,0,0,0,2,0,1,1,1,0,1,0,4,2,0,1,0,3,1,0,3,3,0,0,0,0,1,2,5,4
nvPpBOafGk.txt,0,Annotator_0,bugFix,F,bugFix,F,82,0,1,0,0,0,0,0,0,0,0,0,0,0,0,3,4,0,0,0,1,0,0,0,0,0,0,0,1,0,0,0,0,0,0,2,0,3,1,5,3,0,0,0,0,10,4,0,0,0,0,0,0,5,4,0,0,3,3,1,0,0,0,0,0,1,0,1,3,2,0,1,0,0,0,0,0,0,1,0,0,4,5,0,0,0,0,0,0,4,6
nvPpBOafGk.txt,0,Annotator_2,bugFix,F,bugFix,F,79,0,1,0,0,0,0,0,0,0,0,0,0,1,0,2,4,0,0,0,1,0,0,0,0,0,0,0,1,0,0,0,0,0,0,2,0,2,1,5,4,0,0,0,0,9,5,0,0,0,0,0,0,5,4,0,0,3,3,1,0,0,0,0,0,1,0,0,3,2,0,1,0,0,0,0,0,0,1,0,0,4,4,0,0,0,0,0,0,4,5
o6Ic9dp5O5.txt,0,Annotator_1,bugFix,S,bugFix,S,83,0,0,0,0,0,2,0,0,0,0,0,1,0,0,1,0,2,0,0,1,0,0,0,0,0,0,0,1,5,0,0,0,0,0,0,0,0,2,2,2,4,0,2,0,12,4,0,0,1,2,2,0,0,0,5,0,0,1,0,0,1,0,0,1,0,0,2,2,0,0,0,0,2,2,0,0,0,0,1,0,0,4,0,0,0,0,11,0,1,4
o6Ic9dp5O5.txt,0,Annotator_0,bugFix,S,bugFix,S,83,0,0,0,0,0,2,0,0,0,0,0,2,1,0,1,0,1,0,0,1,0,0,0,0,0,0,0,1,4,0,0,0,0,0,0,0,0,2,0,3,3,0,4,0,10,5,1,0,1,2,0,0,0,0,3,0,0,1,0,0,0,0,2,1,0,0,1,2,0,0,0,0,5,3,0,0,0,0,0,0,1,4,0,0,0,0,12,2,0,2
o6Ic9dp5O5.txt,0,Annotator_2,bugFix,S,bugFix,S,78,0,0,0,0,0,1,0,0,0,0,0,2,2,0,1,0,0,0,0,1,0,0,0,0,0,0,0,1,1,0,0,0,1,0,0,0,0,1,8,3,1,0,2,0,12,4,0,0,1,2,2,1,0,0,3,0,0,1,0,0,1,1,1,0,0,0,1,3,0,0,0,0,6,0,0,0,0,0,0,0,1,4,1,0,0,0,1,0,3,4
o9yFUUEhys.txt,0,Annotator_1,codeWrite,F,codeWrite,F,190,2,2,0,0,0,2,0,0,0,0,0,4,4,0,2,5,0,0,0,0,0,0,0,0,0,1,0,1,0,0,1,0,2,2,1,3,4,1,7,15,1,0,0,0,15,19,0,2,0,0,0,0,0,5,1,1,3,0,1,0,0,0,0,0,0,0,1,0,9,11,1,2,9,11,0,0,0,0,1,2,5,5,0,0,4,2,1,1,10,8
o9yFUUEhys.txt,0,Annotator_0,codeWrite,F,codeWrite,F,192,2,4,0,0,0,0,0,0,0,0,0,3,7,2,1,6,0,0,0,0,0,0,0,0,0,1,0,1,1,3,0,0,0,0,1,1,4,3,7,12,2,0,0,0,14,19,0,0,1,5,0,0,1,5,1,1,3,3,0,0,0,0,0,0,1,0,0,0,6,8,1,2,8,7,0,0,0,2,3,4,3,5,0,0,2,1,1,2,9,13
o9yFUUEhys.txt,0,Annotator_2,codeWrite,F,codeWrite,F,177,0,1,0,2,0,0,0,0,0,0,0,2,3,0,1,5,0,0,0,0,0,0,0,0,0,1,0,1,1,0,1,0,0,0,0,1,3,1,12,16,1,0,0,0,18,18,0,0,0,0,0,1,2,6,1,1,0,0,0,0,0,0,0,0,1,0,2,1,11,11,1,2,8,5,0,0,0,1,1,0,3,4,0,0,4,4,1,0,9,9
oE2jfe4wIr.txt,0,Annotator_1,codeComprehension,S,codeComprehension,S,37,0,1,1,0,0,0,0,0,0,0,0,2,0,0,0,1,0,0,0,0,0,1,0,0,0,0,0,1,0,0,0,0,0,0,0,1,1,1,4,1,0,0,0,0,4,3,1,0,0,0,0,0,0,0,3,2,0,0,0,0,0,0,0,0,1,1,0,0,0,0,0,0,2,1,0,0,0,0,0,0,1,1,0,0,0,0,0,0,1,1
oE2jfe4wIr.txt,0,Annotator_0,codeComprehension,S,codeComprehension,S,36,0,0,1,0,0,0,0,0,0,0,0,0,0,0,0,1,0,0,0,0,0,1,0,0,0,0,0,1,2,0,0,0,0,0,0,1,1,1,1,2,0,0,0,0,4,4,0,0,0,0,0,0,0,0,1,1,0,0,0,0,0,0,0,0,1,1,2,1,0,0,0,1,1,1,0,0,0,0,0,0,1,1,0,0,0,0,2,1,1,0
oE2jfe4wIr.txt,0,Annotator_2,codeComprehension,S,codeComprehension,S,38,0,0,1,0,0,0,0,0,0,0,0,1,0,0,0,1,0,0,0,0,0,1,0,0,0,0,0,1,1,1,0,0,0,0,0,0,1,1,2,1,1,0,0,0,4,3,1,0,0,0,0,0,0,0,2,2,1,0,1,0,0,0,0,0,0,0,0,0,0,0,0,1,2,1,0,0,0,0,0,0,1,1,0,0,0,0,1,0,2,2
odmTAdIGmb.txt,0,Annotator_1,codeComprehension,S,codeComprehension,S,106,0,5,0,0,0,0,0,0,0,0,0,1,4,0,1,0,1,0,0,0,0,1,0,0,0,0,0,1,4,0,0,0,0,0,1,0,3,1,5,6,1,0,0,0,14,6,0,1,0,0,1,0,1,1,1,2,2,0,1,0,0,0,0,0,1,2,2,1,0,0,1,1,7,5,0,0,0,0,2,3,1,2,0,0,0,0,4,3,4,2
odmTAdIGmb.txt,0,Annotator_0,codeComprehension,S,codeComprehension,S,118,0,2,0,0,0,0,0,0,0,0,0,1,2,0,1,0,0,0,0,0,0,1,0,0,0,0,0,1,6,1,0,0,0,0,1,0,5,3,3,6,1,0,0,0,14,8,0,2,0,0,2,2,1,1,1,2,2,2,2,1,0,0,0,0,0,0,8,4,2,2,1,1,0,0,0,0,0,0,1,3,2,2,0,0,1,0,6,3,5,3
odmTAdIGmb.txt,0,Annotator_2,codeComprehension,S,codeComprehension,S,124,0,0,0,0,0,0,0,0,0,0,0,0,3,0,1,0,0,0,0,0,0,1,0,0,0,0,0,1,4,0,0,0,0,0,1,0,4,1,4,11,2,1,1,0,15,10,1,3,0,0,1,1,1,1,0,1,0,0,2,1,0,0,0,0,2,3,10,10,1,0,1,1,1,0,0,0,0,0,0,3,3,2,0,0,0,0,4,4,5,2
pIJxekdKUU.txt,0,Annotator_1,bugFix,F,bugFix,F,154,0,1,0,1,0,0,0,0,0,0,0,1,0,0,1,4,0,0,0,1,0,0,0,0,0,0,0,1,2,1,0,0,0,1,2,0,3,10,9,6,2,1,0,0,14,19,4,0,3,4,0,0,1,0,2,2,1,1,1,0,0,0,0,0,0,0,1,1,0,0,5,3,10,11,0,0,0,0,3,0,3,3,0,0,0,0,2,1,8,4
pIJxekdKUU.txt,0,Annotator_0,bugFix,F,bugFix,F,155,0,1,0,0,0,0,0,0,0,0,0,1,0,0,1,2,0,0,0,1,0,0,0,0,0,0,1,0,2,4,0,0,0,0,2,0,5,10,7,4,2,1,0,0,18,18,0,0,3,3,0,1,1,3,5,3,1,0,1,1,0,0,0,0,0,0,1,1,0,0,6,3,7,6,0,0,1,0,2,1,4,2,0,0,0,0,5,3,6,5
pIJxekdKUU.txt,0,Annotator_2,bugFix,F,bugFix,F,148,0,0,0,0,0,0,0,0,0,0,0,1,0,0,1,2,0,0,0,1,0,0,0,0,0,0,0,1,1,1,1,2,0,0,2,0,4,10,7,6,1,1,0,0,14,19,2,1,2,4,0,1,0,2,2,1,0,0,1,1,0,0,0,0,0,0,2,1,0,0,1,2,15,10,0,0,0,0,3,0,4,2,0,0,0,0,3,3,7,3
ps3U3c46CV.txt,0,Annotator_1,bugFix,F,bugFix,F,169,1,0,0,0,0,0,1,0,0,0,0,2,1,0,5,4,0,0,0,1,0,0,0,0,0,0,0,1,7,1,1,0,1,2,0,1,1,1,9,9,1,0,0,0,14,12,6,2,2,2,1,0,4,4,3,1,0,0,0,1,0,0,0,0,0,0,2,1,1,1,3,1,13,8,0,0,2,0,4,0,2,5,0,0,1,0,12,4,5,2
ps3U3c46CV.txt,0,Annotator_0,bugFix,F,bugFix,F,163,2,0,2,1,0,0,2,0,0,0,0,2,1,0,4,4,1,0,0,1,0,0,0,0,0,0,0,1,6,2,4,0,1,0,0,1,2,2,5,7,1,0,0,0,18,10,2,2,1,2,2,1,3,1,4,1,0,0,0,2,1,1,0,0,0,1,0,0,1,1,2,1,13,5,0,0,2,0,1,2,3,2,1,0,1,0,12,4,6,2
ps3U3c46CV.txt,0,Annotator_2,bugFix,F,bugFix,F,156,1,1,0,0,0,0,2,0,0,0,0,2,3,0,4,3,0,0,0,1,0,0,0,0,0,0,0,1,7,0,0,0,1,0,0,1,1,1,10,13,0,0,0,0,16,13,3,2,2,3,1,3,3,3,3,1,0,0,0,0,1,0,0,0,0,0,1,1,1,1,0,0,15,6,0,0,2,0,0,0,4,3,1,0,1,0,5,2,6,1
qDgBDpoQ7x.txt,0,Annotator_0,codeWrite,F,codeWrite,F,65,1,2,0,0,1,0,1,0,0,0,0,0,1,0,1,1,0,0,0,0,0,0,0,0,0,1,0,1,1,1,1,0,1,0,0,0,2,1,2,3,1,0,0,0,8,5,0,0,0,0,0,0,4,3,0,0,0,0,0,0,0,0,0,0,0,0,0,0,1,0,0,0,6,3,0,0,0,0,1,1,2,0,0,0,0,0,3,1,3,1
qDgBDpoQ7x.txt,0,Annotator_2,codeWrite,F,codeWrite,F,54,0,2,0,0,0,0,1,0,0,0,0,0,1,0,1,1,0,0,0,0,0,0,0,0,0,1,0,1,0,0,0,0,0,0,0,0,0,1,4,4,1,0,0,0,5,5,0,0,0,0,0,0,2,1,0,1,0,0,0,0,0,0,0,0,0,0,1,0,1,0,0,0,5,3,0,1,0,0,1,1,3,0,0,0,0,0,3,1,2,0
t8RBsvLrqA.txt,0,Annotator_1,codeImprove,F,codeImprove,F,69,1,0,1,3,0,0,0,0,0,0,0,0,0,0,3,1,0,0,0,0,0,0,0,1,0,0,0,1,0,0,0,0,1,0,0,1,0,1,7,3,1,0,0,0,8,3,1,2,0,0,1,0,1,1,0,0,0,0,2,0,0,0,0,0,0,0,0,0,0,0,5,1,4,4,0,0,0,0,1,1,3,0,0,0,0,0,2,1,3,0
t8RBsvLrqA.txt,0,Annotator_0,codeImprove,F,codeImprove,F,77,1,0,1,3,0,0,0,0,0,0,0,0,0,0,3,1,0,0,0,0,0,0,0,1,0,0,0,1,2,2,1,0,0,0,0,1,0,2,5,2,1,0,0,0,8,6,1,1,0,1,1,0,3,1,0,0,0,0,0,0,0,0,0,0,0,0,2,2,0,0,5,1,2,2,0,0,0,0,1,0,3,0,0,0,0,0,2,1,6,1
t8RBsvLrqA.txt,0,Annotator_2,codeImprove,F,codeComprehension,F,58,0,0,0,2,0,0,0,0,0,0,0,0,0,0,2,1,0,0,0,0,0,1,0,0,0,0,0,1,1,0,0,0,0,0,0,1,0,2,5,6,0,0,0,0,6,8,0,1,0,0,0,0,0,1,0,0,0,0,0,0,0,0,0,0,0,0,7,6,0,0,1,2,0,0,0,0,0,0,0,0,2,0,0,0,0,0,0,0,2,0
tuhRw4C4Po.txt,0,Annotator_0,codeWrite,S,codeWrite,S,53,0,0,0,0,0,0,0,0,0,0,0,2,0,0,2,2,0,0,0,0,0,0,0,0,0,1,0,1,1,0,0,0,0,0,0,0,1,2,4,1,2,0,0,0,7,3,1,0,2,0,1,0,1,2,0,0,0,0,0,0,0,0,0,0,0,0,2,2,0,0,0,0,3,1,0,0,1,2,0,0,0,0,0,0,0,0,0,0,4,2
tuhRw4C4Po.txt,0,Annotator_2,codeWrite,S,codeWrite,S,40,0,0,0,0,0,0,0,0,0,0,0,1,0,0,1,2,0,0,0,0,0,0,0,0,0,1,0,1,0,0,0,0,2,0,0,0,0,1,3,1,1,0,0,0,6,2,0,0,2,0,0,0,1,2,0,0,0,0,0,0,0,0,0,0,0,0,1,2,0,0,0,0,3,0,0,0,1,2,0,0,0,0,0,0,0,0,0,0,2,2
wffOOxAT2N.txt,0,Annotator_0,codeWrite,S,codeWrite,S,135,0,0,0,0,0,0,0,0,0,0,0,2,2,0,0,0,0,0,0,0,0,0,0,0,0,1,0,1,0,1,1,0,4,0,0,2,4,1,4,5,7,2,0,0,20,10,0,0,0,2,2,0,3,3,0,0,3,2,0,0,0,0,0,0,2,0,0,0,0,0,0,0,15,7,0,0,1,0,3,0,1,3,0,0,0,0,1,3,13,4
wffOOxAT2N.txt,0,Annotator_2,codeWrite,S,codeWrite,S,139,0,0,0,0,0,0,0,0,0,0,0,1,1,0,0,0,0,0,0,0,0,0,0,0,0,1,0,1,0,0,1,0,3,0,0,2,4,1,13,10,2,0,0,0,22,12,1,1,0,1,1,0,3,3,0,0,1,1,3,1,0,0,0,0,0,0,0,1,0,0,0,0,20,9,0,0,0,0,2,0,3,3,0,0,0,0,2,2,6,1
xD5ImRiNni.txt,0,Annotator_1,bugFix,S,bugFix,S,54,0,0,0,0,0,0,0,1,0,0,0,0,1,0,1,0,0,0,0,1,0,0,0,0,0,0,1,0,1,0,1,0,1,0,0,0,1,1,2,3,0,0,0,0,6,4,0,0,0,0,0,0,3,1,0,0,0,0,0,0,0,0,0,0,0,0,0,1,0,0,0,1,6,4,0,0,0,0,2,2,1,1,0,0,0,0,3,1,1,2
xD5ImRiNni.txt,0,Annotator_0,bugFix,S,bugFix,S,59,0,0,0,0,0,0,0,1,0,0,0,0,0,0,1,0,1,0,0,1,0,0,0,0,0,0,0,1,1,0,1,0,1,0,0,0,3,2,0,1,1,0,0,0,7,4,0,0,1,1,0,0,3,0,0,0,0,0,0,0,0,0,0,0,0,0,0,0,0,0,0,1,6,5,0,0,0,0,1,2,2,2,0,0,0,0,3,1,3,2
xD5ImRiNni.txt,0,Annotator_2,bugFix,S,bugFix,S,59,0,0,0,0,0,0,0,2,0,0,0,0,1,0,1,0,0,0,0,1,0,0,0,0,0,0,0,1,2,0,0,0,0,0,0,0,1,1,4,4,0,0,0,0,6,5,1,0,0,1,0,0,3,1,0,0,0,0,0,0,0,0,0,0,0,0,0,0,0,0,0,1,6,4,1,0,0,0,1,0,2,2,0,0,0,0,3,1,2,1
xD5ImRiNni.txt,1,Annotator_1,codeWrite,S,codeWrite,S,177,2,0,0,0,0,0,0,1,0,0,0,2,2,0,0,0,0,0,0,0,0,0,0,0,0,1,0,1,6,0,3,0,1,0,1,2,0,2,12,15,2,0,1,0,23,18,3,1,1,5,1,0,2,2,4,1,0,2,3,0,0,0,0,1,2,2,0,0,0,0,2,2,14,8,0,0,0,0,1,2,2,2,0,0,0,0,10,1,5,3
xD5ImRiNni.txt,1,Annotator_0,codeWrite,S,codeWrite,S,167,1,0,0,0,0,0,0,1,0,0,0,2,2,0,0,0,0,0,0,0,0,0,0,0,0,1,0,1,6,7,3,0,4,0,0,2,2,2,6,6,2,0,0,0,20,14,3,3,2,5,1,0,2,1,3,2,1,3,1,0,0,0,0,1,1,1,0,1,0,0,2,1,13,6,0,0,0,0,1,0,2,4,0,0,0,0,11,3,3,8
xD5ImRiNni.txt,1,Annotator_2,codeWrite,S,codeWrite,S,170,0,0,0,0,0,0,0,0,0,1,0,1,2,0,0,0,0,0,0,0,0,0,0,0,0,1,0,1,3,1,0,0,0,0,1,2,1,3,15,15,4,1,0,0,21,22,3,0,4,3,0,0,2,4,2,1,0,2,2,0,1,0,0,1,2,1,0,0,0,0,0,0,13,11,1,2,0,0,1,1,1,2,1,0,0,0,5,2,4,3
xpjEbgF59H.txt,0,Annotator_1,codeWrite,S,codeWrite,S,89,0,0,0,0,0,0,0,0,0,0,1,2,0,0,0,0,0,0,0,0,0,0,0,0,0,1,0,1,1,1,0,0,1,0,0,0,0,2,11,4,1,0,0,0,9,4,5,3,1,0,4,0,3,2,4,4,0,0,0,0,0,0,0,0,0,0,0,0,0,0,1,1,5,2,0,0,0,0,4,0,0,2,0,0,0,0,2,0,4,3
xpjEbgF59H.txt,0,Annotator_0,codeWrite,S,"codeComprehension, codeWrite",F,87,0,0,0,0,0,0,0,0,0,0,0,2,2,0,0,0,0,0,0,0,0,1,0,0,0,1,0,1,3,1,0,0,4,0,0,0,1,3,1,4,1,0,0,0,9,7,1,1,1,0,1,0,3,3,3,3,1,1,0,1,0,0,0,0,0,0,1,0,0,0,1,1,4,0,0,1,0,0,0,0,5,2,0,0,0,0,2,0,7,3
xpjEbgF59H.txt,0,Annotator_2,codeWrite,S,codeWrite,S,76,0,0,0,0,0,0,0,0,0,0,0,2,0,0,1,0,0,0,0,0,0,0,0,0,0,1,0,1,1,1,0,0,0,0,0,1,0,1,8,4,1,0,0,0,7,7,3,0,1,0,5,0,3,3,3,5,0,0,0,0,0,0,0,0,0,0,0,0,0,0,0,0,1,2,0,0,0,0,0,1,3,2,0,0,0,0,1,1,3,3
xpjEbgF59H.txt,1,Annotator_1,codeComprehension,F,codeComprehension,F,8,0,0,0,0,0,0,0,0,0,0,0,0,0,0,0,0,0,0,0,0,0,1,0,0,0,0,1,0,0,0,0,0,0,0,0,0,0,1,0,0,0,0,0,0,0,1,0,0,0,0,0,0,1,1,0,0,0,0,0,0,0,0,0,0,0,0,0,0,0,0,0,0,0,0,0,0,0,0,1,0,0,0,0,0,0,0,0,0,1,0
xpjEbgF59H.txt,1,Annotator_2,codeComprehension,F,codeComprehension,F,12,0,0,0,0,0,0,0,0,0,0,0,0,0,0,0,1,0,0,0,0,0,1,0,0,0,0,0,1,0,0,0,0,0,0,0,0,0,2,0,0,0,0,0,0,0,2,0,0,0,0,0,0,1,1,0,0,0,0,0,0,0,0,0,0,0,0,0,0,0,0,0,0,0,1,0,0,0,0,0,0,1,0,0,0,0,0,0,0,1,0
yJnek12lvC.txt,0,Annotator_1,bugFix,S,bugFix,S,168,0,0,0,1,0,0,0,0,0,1,0,3,1,0,0,0,0,0,0,1,0,0,0,0,0,0,0,1,4,1,0,0,1,0,1,0,1,3,10,18,0,0,3,0,16,19,4,3,1,2,0,1,1,1,8,7,1,1,0,0,0,0,1,0,0,0,1,1,0,0,0,0,11,14,0,0,0,0,3,3,1,2,0,0,0,0,6,1,4,5
yJnek12lvC.txt,0,Annotator_0,bugFix,S,bugFix,S,193,0,0,0,0,0,0,0,0,0,0,1,3,0,0,0,0,0,0,0,1,0,0,0,0,0,0,1,0,6,6,0,0,1,0,1,0,5,8,7,9,0,0,4,0,23,21,1,2,4,3,0,3,4,3,9,5,0,1,0,0,0,0,0,0,0,0,2,5,0,0,0,0,8,7,2,1,0,0,2,3,3,2,0,0,0,0,9,6,6,5
yJnek12lvC.txt,0,Annotator_2,bugFix,S,bugFix,S,193,0,0,0,0,0,0,0,0,0,0,0,3,1,0,0,0,0,0,0,1,0,0,0,0,0,0,0,1,6,6,0,0,1,0,1,0,5,8,7,8,0,1,4,0,22,20,2,3,4,3,0,3,4,3,8,5,0,1,0,0,0,0,0,0,0,0,2,5,0,0,0,0,9,7,2,1,0,0,3,3,2,2,0,0,0,0,12,4,3,7
yaIRqVmIv3.txt,0,Annotator_1,codeWrite,S,codeWrite,S,139,0,2,0,0,0,0,0,0,1,0,0,0,1,0,0,0,0,0,0,0,0,0,0,0,0,1,0,1,7,1,0,0,3,0,0,0,2,3,5,8,0,0,0,0,17,11,0,1,0,2,0,0,0,2,2,1,0,0,0,0,0,0,0,0,1,0,2,2,1,1,0,0,18,9,0,0,1,0,4,4,3,1,1,0,0,0,9,5,5,1
yaIRqVmIv3.txt,0,Annotator_0,codeWrite,S,codeWrite,S,143,0,0,0,0,0,0,0,0,1,2,0,0,1,0,0,0,0,0,0,0,0,0,0,0,0,1,0,1,8,5,1,0,2,0,0,0,2,2,3,4,0,0,0,0,14,9,1,2,0,2,0,0,2,1,2,1,2,1,0,0,0,0,0,0,0,0,2,4,0,1,0,0,15,7,1,0,1,1,3,1,3,4,1,0,1,0,8,7,9,4
yaIRqVmIv3.txt,0,Annotator_2,codeWrite,S,codeWrite,S,137,0,1,0,0,0,0,0,0,1,0,0,1,1,0,0,0,0,0,0,0,0,0,0,0,0,1,0,1,7,1,0,0,0,0,0,0,2,2,6,8,1,0,0,0,14,11,2,0,0,3,0,0,2,2,2,0,0,0,0,0,0,0,0,0,0,0,3,2,2,1,0,0,15,9,0,0,1,0,1,0,4,6,1,0,1,0,10,3,6,3
